experiment,slot,group,kind,n_runs,group_runs,representative
real_opus5,decision: Profile / basal 00:00,keep,shared,19,19,"The 00:00-05:00 local block shows time below range of 11.4, 18.5, 10.1 and 10.2 percent at hours 23, 1, 2 and 3 local with means of 93.3, 90.6, 101.9 and 104.7 mg/dL and spontaneous recovery by 04:00, which is a real pattern."
real_opus5,decision: Profile / basal 00:00,keep,varying,2,19,"Late-evening correction windows on 08-12 and 08-17 show falls of 56 to 68 mg/dL over four hours from doses of 0.05 to 0.15 units, confirming a carry-over tail under a 10-hour DIA."
real_opus5,decision: Profile / basal 00:00,keep,varying,2,19,"Dependencies: coupled to the 10 hour duration of insulin action, to the dynamic sensitivity curve and to the pending insulin on board ceiling change, which must be observed first."
real_opus5,decision: Profile / basal 05:00,keep,shared,19,19,"Evidence: the 05:00 local hour shows an average of 104.2 mg/dL, 95.2 percent in range, 4.8 percent below range and 0.0 percent above range, and 06:00 shows 99.5 mg/dL with 97.5 percent in range."
real_opus5,decision: Profile / basal 05:00,keep,varying,6,19,Dependencies: none that would justify a change; no adjustment is supported.
real_opus5,decision: Profile / basal 05:00,keep,varying,5,19,Uncertainty: minimal for this segment; the single 42 mg/dL reading at 07:19 local on 2026-08-21 occurred on the day of a sensor change and is excluded from attribution.
real_opus5,decision: Profile / basal 05:00,keep,varying,3,19,"Dependencies: none that would justify change, and altering a well-performing segment would add noise to the planned sequential tests."
real_opus5,decision: Profile / basal 05:00,keep,varying,3,19,Uncertainty: none material; this is one of the best-controlled windows in the dataset.
real_opus5,decision: Profile / basal 05:00,keep,varying,3,19,Dependency: none that would justify altering it.
real_opus5,decision: Profile / basal 05:00,keep,varying,3,19,Uncertainty: none material for this segment.
real_opus5,decision: Profile / basal 06:00,keep,shared,19,19,"Evidence: the 06:00 to 09:00 local block covered by this segment shows means of 99.5, 99.5, 110.5 and 132.9 mg/dL with time in range of 97.5, 98.7, 98.2 and 91.1 percent and time below range of 2.5, 1.3, 0.0 and 0.0 percent."
real_opus5,decision: Profile / basal 06:00,keep,varying,7,19,"Uncertainty: the single 42 mg/dL reading at 07:19 local on 08-21 preceded a sensor change by two hours, so an artifact cannot be excluded."
real_opus5,decision: Profile / basal 06:00,keep,varying,7,19,Dependencies: separating meal effect here requires the carbohydrate logging observation; until then no basal change is supportable.
real_opus5,decision: Profile / basal 06:00,keep,varying,3,19,"Uncertainty: the rise beginning at 09:00 local may reflect either dawn physiology or unannounced breakfast, which cannot be separated without carbohydrate data."
real_opus5,decision: Profile / basal 06:00,keep,varying,3,19,"The only uncertainty is that the 09:00-10:00 local rise begins here and may be meal-related, which cannot be resolved without carbohydrate entries."
real_opus5,decision: Profile / basal 06:00,keep,varying,2,19,"Uncertainty: the rise toward 10:00 local reaching 148.0 mg/dL begins inside this segment, but with zero carb entries a morning meal is the more plausible driver than basal."
real_opus5,decision: Profile / basal 06:00,keep,varying,2,19,Dependencies: none that would justify change; this segment is explicitly protected in the implementation order.
real_opus5,decision: Profile / basal 10:00,keep,shared,12,19,"Evidence: hours 10:00 to 15:00 local average 148.0, 132.3, 141.3, 135.0, 148.1, and 153.0 mg/dL with time above range of 7.5 to 26.3 percent."
real_opus5,decision: Profile / basal 10:00,keep,varying,4,19,"Dependencies: raising basal here would add insulin ahead of the 18:00-19:00 low window where time below range reaches 15.3 percent, which the 5.1 percent overall time below range does not permit."
real_opus5,decision: Profile / basal 10:00,keep,varying,4,19,Uncertainty: high.
real_opus5,decision: Profile / basal 10:00,keep,varying,3,19,"Evidence: the rise begins here, with 10:00 local at 148.0 mg/dL and 20.2 percent above range, and 08:00 immediately before shows 0 percent below range and only 1.8 percent above range."
real_opus5,decision: Profile / basal 10:00,keep,varying,3,19,"Dependencies: any upward change here would add insulin that remains active into the 18:00 to 19:00 hypoglycemia cluster under a 10-hour DIA, so it must wait until that cluster is resolved."
real_opus5,decision: Profile / basal 10:00,keep,varying,2,19,"Dependency: this must wait for the carbohydrate logging observation, since raising daytime basal without meal data risks adding insulin whose tail lands in the 18:00 to 20:00 local window that already carries 7.7 and 15.3 percent time below range."
real_opus5,decision: Profile / basal 10:00,keep,varying,2,19,Uncertainty: the afternoons of 08-17 and 08-18 inside this segment contained 180-minute SMB blackouts from 135 mg/dL temporary targets and are excluded from inference.
real_opus5,decision: Profile / basal 16:00,keep,shared,18,19,"Evidence: local hour 16:00 is the highest of the day at 162.8 mg/dL with 32.1 percent above range and zero percent below range, and it coincides exactly with the lowest scheduled basal segment."
real_opus5,decision: Profile / basal 16:00,keep,varying,6,19,"Nevertheless at least three competing explanations remain unresolved: unannounced carbohydrates, SMB suppression during the two 180-minute 135 mg/dL temporary targets on 08-17 and 08-18 that overlap this hour, and GLP-1 related delayed absorption after doses on 08-14, 08-17 and 08-20."
real_opus5,decision: Profile / basal 16:00,keep,varying,3,19,Uncertainty: high.
real_opus5,decision: Profile / basal 16:00,keep,varying,2,19,"Dependencies: raising this segment would feed the 18:00 to 19:00 window where time below range is 7.7 and 15.3 percent with 41 and 42 mg/dL nadirs, so change is unsafe before the automation steps and carbohydrate logging are evaluated."
real_opus5,decision: Profile / basal 16:00,keep,varying,2,19,"Dependencies: blocked by the safety constraint from the hypoglycaemia stage that no change may increase insulin between 16:00 and 19:00 local, and by the pending meal workflow evidence."
real_opus5,decision: Profile / basal 18:00,keep,shared,13,19,Evidence: the 18:00 local hour shows an average of 124.2 mg/dL with 80.4 percent in range but 7.7 percent below range and a minimum of 42 mg/dL.
real_opus5,decision: Profile / basal 18:00,keep,varying,3,19,Uncertainty: a small basal contribution cannot be excluded.
real_opus5,decision: Profile / basal 18:00,keep,varying,2,19,"Evidence: 18:00 local shows 7.7 percent below range with a mean of 124.2 mg/dL, and the level-2 clusters of 2026-08-13 and 2026-08-14 fall in and just after this hour."
real_opus5,decision: Profile / basal 18:00,keep,varying,2,19,Dependencies: the automation change to the maximum insulin on board must be evaluated first.
real_opus5,decision: Profile / basal 18:00,keep,varying,2,19,"Dependency: reassess only after the insulin-on-board ceiling change has been observed, since that change targets the same mechanism."
real_opus5,decision: Profile / basal 18:00,keep,varying,2,19,Uncertainty: high as to cause.
real_opus5,decision: Profile / basal 19:00,keep,shared,18,19,"Evidence: the 19:00 local hour has the highest daytime time below range at 15.3 percent with a minimum of 41 mg/dL, and basal rises to 0.7 U/h precisely here."
real_opus5,decision: Profile / basal 19:00,keep,varying,3,19,Uncertainty is high.
real_opus5,decision: Profile / CR 00:00,keep,varying,8,19,"Evidence: carbohydrate entries are 0, total carbohydrates 0.0 g, the carbohydrate treatment list is empty and carbohydrate-on-board is 0 in every sampled loop status, so this ratio has never been exercised during the period."
real_opus5,decision: Profile / CR 00:00,keep,varying,7,19,"Evidence: carb_entries is 0, total_carbs_g is 0.0, carb_treatment_entries is empty and COB is zero in all 24 sampled loop statuses, so this ratio was never applied to any dose during the period."
real_opus5,decision: Profile / CR 00:00,keep,varying,4,19,"Uncertainty: complete, since no observation exists that could support or refute the value."
real_opus5,decision: Profile / CR 00:00,keep,varying,3,19,Dependency: blocked until carbohydrate logging exists.
real_opus5,decision: Profile / CR 00:00,keep,varying,3,19,Dependencies: becomes assessable only after carbohydrate announcement begins.
real_opus5,decision: Profile / CR 00:00,keep,varying,2,19,"Evidence: this segment is confirmed active because CR 13.0 and neighbouring values appear in loop reasons at the correct local times, but it was never used for dosing, since carb_entries is 0, total_carbs_g is 0.0, carb_treatment_entries is empty and COB is 0 in every sampled cycle."
real_opus5,decision: Profile / CR 04:00,keep,varying,6,19,"It is confirmed active, appearing as 11.1 in loop reason strings at 04:01, 04:55, 06:30 and 07:29 local."
real_opus5,decision: Profile / CR 04:00,keep,varying,6,19,"Dependencies: requires carbohydrate logging plus a meal actually occurring in the 04:00-08:00 local window, which the glucose pattern does not suggest is common."
real_opus5,decision: Profile / CR 04:00,keep,varying,5,19,Dependencies: requires carbohydrate logging before any assessment is possible.
real_opus5,decision: Profile / CR 04:00,keep,varying,5,19,Uncertainty: complete.
real_opus5,decision: Profile / CR 04:00,keep,varying,3,19,Dependencies: carbohydrate logging is required before any carb ratio can be assessed.
real_opus5,decision: Profile / CR 04:00,keep,varying,3,19,"No carbohydrate was entered at any time in the 14-day window, so this segment produced no dosing and cannot be validated or refuted."
real_opus5,decision: Profile / CR 08:00,keep,shared,13,19,"The morning rise from 110.5 to 148.0 mg/dL between 08:00 and 10:00 local was handled entirely by UAM, so it carries no information about the carb ratio."
real_opus5,decision: Profile / CR 08:00,keep,varying,4,19,"Dependencies: the morning window is the lowest-hypoglycemia-risk window in the day at 0.0 percent below range at 08:00 and 09:00 local, so it is the safest place to test this ratio once meals are logged."
real_opus5,decision: Profile / CR 08:00,keep,varying,4,19,Uncertainty: complete.
real_opus5,decision: Profile / CR 08:00,keep,varying,3,19,"Evidence: confirmed active in loop reasons at 09:11 and 15:00 local, yet unused because no carbohydrate was logged."
real_opus5,decision: Profile / CR 08:00,keep,varying,3,19,"The value appears in reason strings at 09:11 local, matching the profile segment and confirming profile activity only."
real_opus5,decision: Profile / CR 08:00,keep,varying,2,19,Dependencies: this is the first carb ratio that will become verifiable once the morning meal is logged.
real_opus5,decision: Profile / CR 08:00,keep,varying,2,19,Dependencies: carbohydrate logging for the morning meal would be needed before any judgement.
real_opus5,decision: Profile / CR 16:00,keep,varying,11,19,"This is the strongest carb ratio in the profile and covers the worst hyperglycemia block, but with zero carbohydrate entries it was never applied, so the 32.1 percent time above range at 16:00 local says nothing about its correctness."
real_opus5,decision: Profile / CR 16:00,keep,varying,5,19,Confirmed active in a loop reason at 16:54 local.
real_opus5,decision: Profile / CR 16:00,keep,varying,4,19,Uncertainty: complete.
real_opus5,decision: Profile / CR 16:00,keep,varying,2,19,Dependencies: this is the specific segment that the recommended carbohydrate logging for the 12:00-17:00 meal would first make assessable.
real_opus5,decision: Profile / CR 16:00,keep,varying,2,19,Dependencies: blocked pending carbohydrate logging; must not be adjusted preemptively.
real_opus5,decision: Profile / CR 16:00,keep,varying,2,19,"Evidence: not exercised, with zero carbohydrate entries."
real_opus5,decision: Profile / CR 20:00,keep,varying,6,19,Uncertainty: complete.
real_opus5,decision: Profile / CR 20:00,keep,varying,5,19,"Evidence: confirmed active in loop reasons at 22:16 local on 08-07 and 22:09 local on 08-21, and unused because no carbohydrate was logged."
real_opus5,decision: Profile / CR 20:00,keep,varying,4,19,"Evidence: the evening rise between 20:00 and 22:00 local is modest, with means of 117.0, 120.0 and 127.6 mg/dL, and no carbohydrates were announced in this or any other window."
real_opus5,decision: Profile / CR 20:00,keep,varying,3,19,"Dependencies: blocked until carbohydrate logging exists, and any evening change would additionally interact with the 22:00 to 03:00 low window."
real_opus5,decision: Profile / CR 20:00,keep,varying,3,19,Dependencies: blocked pending carbohydrate logging.
real_opus5,decision: Profile / CR 20:00,keep,varying,3,19,Uncertainty: total.
real_opus5,decision: Profile / ISF 00:00,keep,varying,8,19,"Evidence: dynamic sensitivity is enabled with a 70 percent adjustment factor and autosens is disabled, and observed effective sensitivity ranges from 27.8 to 124.0 mg/dL per unit, so the flat 56 value is an anchor rather than the operative sensitivity."
real_opus5,decision: Profile / ISF 00:00,keep,varying,5,19,"The value is overwritten every cycle: observed effective sensitivity spans 124.0 mg/dL per unit at 69.8 mg/dL down to 27.8 at 245.7 mg/dL, crossing 56 near 150 to 170 mg/dL."
real_opus5,decision: Profile / ISF 00:00,keep,varying,2,19,"No clean ISF measurement exists because every recorded correction is contaminated by concurrent boosted SMB and temp basal, for example 0.2 units at 08-14 17:20 local followed by minus 178 mg/dL at 120 minutes where 56 mg/dL per unit predicts about minus 11."
real_opus5,decision: Profile / ISF 00:00,keep,varying,2,19,"Dependencies: the correct lever is the dynamic ISF adjustment factor, and changing both the anchor and the multiplier together would violate the rule against moving dependent parameters, so this stays fixed until the automation change has been evaluated."
real_opus5,decision: Profile / ISF 00:00,keep,varying,2,19,"Uncertainty: high, because this profile value acts as a scaling reference for the whole dynamic curve rather than as the direct correction factor, so a change would move both the weak normal-range response and the strong high-glucose response at once."
real_opus5,decision: Profile / ISF 00:00,keep,varying,2,19,"Changing the static value would shift the whole dynamic curve in both directions at once, weakening low-glucose safety at the same time as it moderates high-glucose aggressiveness."
real_opus5,decision: Profile / target 00:00,keep,varying,8,19,"However sampled loop target_bg values ranged from 80 to 116 mg/dL against profile targets of only 90 and 100, and both autosens target flags are false, so fork logic outside decision_inventory is modulating the effective target and a profile target edit has unproven leverage."
real_opus5,decision: Profile / target 00:00,keep,varying,8,19,"Evidence: local hours 00:00 to 03:00 carry 10.1 to 18.5 percent time below range, which would ordinarily argue for raising the overnight target."
real_opus5,decision: Profile / target 00:00,keep,varying,4,19,"Evidence: this target covers 00:00 to 08:00, a span containing both the worst overnight low hour (01:00 at 18.5 percent below range) and the best hours of the day (06:00 and 07:00 at 98.7 and 98.2 percent time in range), so a single change would affect both."
real_opus5,decision: Profile / target 00:00,keep,varying,3,19,Uncertainty is high.
real_opus5,decision: Profile / target 00:00,keep,varying,2,19,Dependencies: blocked until the source of loop targets below the profile value is identified.
real_opus5,decision: Profile / target 08:00,keep,varying,4,19,"Uncertainty: the same override problem applies, with effective targets of 80 mg/dL observed on 08-10, 08-18, 08-19 and 08-21 within this segment."
real_opus5,decision: Profile / target 08:00,keep,varying,4,19,"Evidence: this daytime target covers the safest window in the dataset, with 0.0 percent time below range at 08:00 and 09:00 local, so there is no hypoglycemia argument for raising it, and the afternoon time above range is better explained by the sensitivity curve and unannounced meals than by the target."
real_opus5,decision: Profile / target 08:00,keep,varying,4,19,Uncertainty: high.
real_opus5,decision: Profile / target 08:00,keep,varying,3,19,"Evidence: the window covered by this target contains both the best block of the day, 04:00 to 09:00 local flat and in range, and the worst above-range block, 10:00 to 17:00, so no single target change would serve both."
real_opus5,decision: Profile / target 08:00,keep,varying,2,19,"Evidence: the daytime block covered by this target contains both the highest elevation at 16:00 local and the highest single-hour time below range at 19:00 local, a bidirectional pattern that a single target change cannot address in one direction."
real_opus5,decision: Profile / target 08:00,keep,varying,2,19,"Loop statuses in these hours report effective targets of 80, 82, 87, 90, 99, 104, 108 and 116 mg/dL, so the declared 100 mg/dL is frequently not the value in use."
real_opus5,decision: Profile / target 23:00,keep,shared,13,19,"Hour 23 local averages 105.7 mg/dL with 88.7 percent in range, 1.2 percent above range and 10.1 percent below range."
real_opus5,decision: Profile / target 23:00,keep,varying,3,19,Uncertainty: high.
real_opus5,decision: Profile / target 23:00,keep,varying,2,19,"Uncertainty: the declared target is not the operative one, and this hour also sits downstream of the afternoon and evening insulin tail, so the target is not established as the driver."
real_opus5,decision: Profile / target 23:00,keep,varying,2,19,"Dependency: evaluate together with the 00:00 target only after the insulin tail question is resolved, and not simultaneously with any basal or DIA change."
real_opus5,decision: Profile / target 23:00,keep,varying,2,19,No change is supported.
real_opus5,decision: Profile / DIA,keep,varying,6,19,"Evidence: DIA 10 hours is long, but shortening it is unsupported and would likely be harmful, because therapy response windows repeatedly show real glucose change still occurring at 240 and 360 minutes, for example 08-19 with minus 161 mg/dL at 240 minutes and minus 176 at 360, and 08-17 with minus 68 and minus 50."
real_opus5,decision: Profile / DIA,keep,varying,5,19,Evidence: 10 hours with free_peak_oref keeps afternoon insulin counted as active into the 18:00 to 19:00 and 23:00 to 03:00 local hypoglycemia clusters and inflates the insulin-on-board readings of 4.73 and 5.935 units used to judge stacking.
real_opus5,decision: Profile / DIA,keep,varying,3,19,Dependencies: shortening DIA would change insulin-on-board accounting across every other lever simultaneously and must not be combined with the planned sensitivity test.
real_opus5,decision: Profile / DIA,keep,varying,3,19,"Evidence: DIA is 10 hours with insulin_type free_peak_oref, but the insulin peak time is not supplied anywhere in the package, so only the tail length and not the activity curve can be assessed."
real_opus5,decision: Profile / DIA,keep,varying,3,19,Dependency: this is the designated next profile candidate after the quiet-evening verification described in the profile recommendation.
real_opus5,decision: Profile / DIA,keep,varying,2,19,"Evidence: a 10 hour duration with a free peak insulin model is consistent with the observed long tails, where 0.05 U at 125 mg/dL preceded 68 mg/dL at 180 minutes and 57 at 240 minutes on 08-17, 0.15 U at 138 preceded 82 to 87 mg/dL on 08-12, and 0.05 U at 93 preceded 69 mg/dL on 08-10, since such small boluses cannot themselves cause those falls."
real_opus5,decision: AAPS / SMB and UAM,keep,shared,13,19,"Evidence: both components have non-null values, so verify is not applicable."
real_opus5,decision: AAPS / SMB and UAM,keep,varying,11,19,Disabling either would remove all coverage of the local 13:00 to 17:00 block that reaches 32.1 percent time above range at 16:00.
real_opus5,decision: AAPS / SMB and UAM,keep,varying,6,19,"Evidence: with zero carbohydrate entries and COB reported as 0 in all 24 sampled loop statuses, UAM is the only mechanism providing meal coverage, and aggregate outcomes remain good at 86.0 percent time in range and 32.6 percent coefficient of variation."
real_opus5,decision: AAPS / SMB and UAM,keep,varying,5,19,Uncertainty: low for this decision.
real_opus5,decision: AAPS / SMB and UAM,keep,varying,4,19,"With carb entries at 0 and carbs on board at 0 in every sampled status, UAM is the sole meal detection mechanism and SMB is the sole meal coverage mechanism, so disabling either would remove all meal coverage from a system that currently achieves 86.0 percent time in range."
real_opus5,decision: AAPS / SMB and UAM,keep,varying,4,19,"UAM is treated strictly as unannounced-rise detection; because COB is always 0, no duplicate carbohydrate counting can occur and none is assumed."
real_opus5,decision: AAPS / SMB and UAM,keep,varying,3,19,"With zero carbohydrate entries across 14 days, the unannounced-meal path is the only mechanism that responds to eating, and achieving 86.0 percent time in range with a mean of 121.6 mg/dL under those conditions is only possible because both are enabled."
real_opus5,decision: AAPS / SMB activation conditions,keep,shared,14,19,"Evidence: all five components have non-null values, so verify is not applicable."
real_opus5,decision: AAPS / SMB activation conditions,keep,varying,11,19,"The group is internally coherent: smb_always_enabled true makes the two carbohydrate-conditional flags inert in the current data, and smb_with_temp_target_enabled true with smb_with_high_temp_target_enabled false means microboluses are suppressed while a high temporary target runs, which occurred during the 180-minute 135 mg/dL targets on 2026-08-17 and 2026-08-18."
real_opus5,decision: AAPS / SMB activation conditions,keep,varying,5,19,"The high-temporary-target suppression setting is operative and is currently the user's only working manual brake, applied through 135 mg/dL temporary targets on 08-09, 08-17, 08-18, 08-19 and 08-20."
real_opus5,decision: AAPS / SMB activation conditions,keep,varying,4,19,"The live interaction is smb_with_high_temp_target_enabled false combined with repeated 135 mg/dL temporary targets, twice for 180 minutes on 08-17 and 08-18, which suppresses SMB during the highest above-range hours."
real_opus5,decision: AAPS / SMB activation conditions,keep,varying,3,19,"Dependencies: the two carbohydrate-conditioned flags become observable only after carbohydrate logging begins, so they must be re-examined after that step rather than changed now."
real_opus5,decision: AAPS / SMB activation conditions,keep,varying,2,19,"Dependencies: enabling microbolusing during high temporary targets would push against the dominant safety constraint of 5.1 percent time below range with two level 2 evening events, so no change is supportable; verify is not available because all five components are non-null."
real_opus5,decision: AAPS / SMB activation conditions,keep,varying,2,19,"Dependencies: enabling SMB with high temporary targets would add insulin into the constrained 17:00 to 02:00 local window and would contradict the dominant safety finding, so keep is the correct outcome despite the identified interaction."
real_opus5,decision: AAPS / SMB strength and frequency,keep,varying,8,14,"Evidence: all three components are non-null, so verify is not permissible."
real_opus5,decision: AAPS / SMB strength and frequency,keep,varying,3,14,"However the configured cap does not bound delivered SMB in this build: at 08-19 16:54 local with a 0.5 U/h basal segment the 20-minute allowance implies roughly 0.17 units, yet the text records UAM High Boost enacted with SMB equals 1.6 units, and at 08-07 22:16 local standardMaxBolus 0.2 accompanies 0.4 units microbolused."
real_opus5,decision: AAPS / SMB strength and frequency,keep,varying,3,14,"Crucially they are not the binding constraint: build-specific boost logic delivered 0.4 U against a 0.2 U standard cap on 2026-08-07 and an SMB of 1.6 U on 2026-08-19, and those multipliers are not exposed as configurable items in this package."
real_opus5,decision: AAPS / SMB strength and frequency,keep,varying,3,14,"These values are already more conservative than AAPS defaults of 30 and 30 minutes, with a standard 3 minute interval, and no SMB interval was inferred from any remaining-time text in the loop reasons."
real_opus5,decision: AAPS / SMB strength and frequency,keep,varying,3,14,The 3-minute interval is read directly from raw_settings and not inferred from any waiting message.
real_opus5,decision: AAPS / SMB strength and frequency,keep,varying,2,14,"Evidence: with basal of 0.5 to 0.8 U/h the 20-minute UAM allowance implies a base cap near 0.17 to 0.27 U, consistent with the logged standardMaxBolus of 0.2, yet delivered SMB reached 0.4 U under a boost of 1.57 and 1.6 U under UAM High Boost, so boost multipliers that are absent from the settings inventory dominate the delivered size."
real_opus5,decision: AAPS / SMB strength and frequency,change,varying,2,5,"Evidence: reason strings confirm the basal-minutes setting sets the microbolus sizing base, with 0.7 U/h basal producing standardMaxBolus 0.2 and 0.8 U/h producing standardMaxBolus 0.3 at 20 minutes; boost logic then delivered 0.4 U against a 0.2 U base and, in a UAM High Boost case on 08-19, 1.6 U with 4.73 U already on board."
real_opus5,decision: AAPS / SMB strength and frequency,change,varying,2,5,"Downstream consequences are falls of 178, 168 and 125 mg/dL after user doses of 0.65 U or less, guard predictions of -4 and -59 mg/dL with 120-minute zero temporary basals, IOB peaks of 4.73 and 5.935 U with COB 0, and evening time below range of 7.7 and 15.3 percent with minima of 41 and 42 mg/dL."
real_opus5,decision: AAPS / SMB strength and frequency,change,varying,2,5,"Only max_uam_smb_basal_minutes is proposed for change, from 20 to 15 minutes."
real_opus5,decision: AAPS / max basal and max IOB limits,change,varying,7,17,"The maximum basal component is kept because it is inert: the effective ceiling is 4 U/h produced by the maximum daily safety multiplier of 5 applied to the highest profile basal of 0.8 U/h, shown directly by a reason string adjusting a required rate of 5.9 down to a maximum safe basal of 4, so 12 U/h is a cosmetic inconsistency rather than an active risk."
real_opus5,decision: AAPS / max basal and max IOB limits,change,varying,6,17,"Uncertainty: only 24 of 6214 statuses were sampled so 5.935 U is a floor rather than a true peak, and it is unresolved whether total_insulin_u includes basal delivery, which changes estimated total daily dose between roughly 20 and 36 U per day and therefore the appropriate ceiling; the exact value must be set by the care team against the actual total daily dose."
real_opus5,decision: AAPS / max basal and max IOB limits,change,varying,5,17,Both components are non-null so verify is not permitted.
real_opus5,decision: AAPS / max basal and max IOB limits,change,varying,4,17,"Both components are non-null, so verify is not applicable."
real_opus5,decision: AAPS / max basal and max IOB limits,change,varying,3,17,"The 25 U insulin on board limit exceeds a full day of insulin, given 275.95 U over fourteen days and a 16.2 U per day scheduled basal, while the highest observed insulin on board was 5.935 U at 245 mg/dL and 4.73 U at 262 mg/dL, both with zero carbohydrates on board; a limit of 8 U would therefore not have blocked any dosing observed in this period while bounding the accumulation that preceded 234 to 56 mg/dL within 120 minutes on 08-14, 264 to 96 within 120 minutes on 08-19 and 206 to 53 within 180 minutes on 08-16."
real_opus5,decision: AAPS / max basal and max IOB limits,change,varying,2,17,"Evidence: both components are non-null, so verify is not permissible and change is supported with explicit old and new values. max_basal_u_per_hour of 12 is retained unchanged because it is demonstrably inert: the binding ceiling observed at 08-14 19:40 local is an adjusted required rate of 5.9 reduced to maxSafeBasal 4, consistent with the 0.8 U/h peak profile basal and the daily safety multiplier of 5.0, and the highest temp basal seen anywhere is 3.6 to 4.0 U/h, so 12 U/h is never reached. max_iob_units changes from 25 U to 10 U because 25 units is roughly one full day of insulin or more against 16.2 units of scheduled basal per day and 275.95 units recorded over 14 days, and therefore never engages."
real_opus5,decision: AAPS / Autosens and Dynamic ISF,keep,shared,11,13,"All five components are non-null, so verify is not applicable."
real_opus5,decision: AAPS / Autosens and Dynamic ISF,keep,varying,4,13,"A sensitivity ratio of 1 in most statuses is a neutral current adjustment and not evidence of anything disabled; the values 0.79, 0.88, 0.91, 0.92, 0.94 and 0.98 occur on hypo-guard cycles and are consistent with the dynamic path working."
real_opus5,decision: AAPS / Autosens and Dynamic ISF,keep,varying,4,13,"The configuration is internally correct: Autosens disabled with dynamic sensitivity enabled is the coherent pairing, and both Autosens target flags being false is consistent with that."
real_opus5,decision: AAPS / Autosens and Dynamic ISF,keep,varying,3,13,"Sensitivity_ratio values of 0.79 to 1.0 are read as neutral or mildly reduced current adjustments computed by the fork, not as evidence that Autosens is running."
real_opus5,decision: AAPS / Autosens and Dynamic ISF,keep,varying,2,13,"Uncertainty: the 70 percent factor is mathematically anchored to the profile ISF of 56 and to total daily dose, and the internal daily dose value used by the algorithm is not exposed, so the factor and the anchor cannot be evaluated separately within this package."
real_opus5,decision: AAPS / Autosens and Dynamic ISF,keep,varying,2,13,"Sampled sensitivity ratios of 1, 0.98, 0.94, 0.92, 0.91, 0.88 and 0.79 are treated as neutral or dynamically derived current adjustments and are explicitly not used as evidence about whether Autosens is enabled."
real_opus5,decision: AAPS / Autosens and Dynamic ISF,change,shared,4,6,"Evidence: all five components have non-null values, so verify is not permitted."
real_opus5,decision: AAPS / Autosens and Dynamic ISF,change,varying,2,6,"Evidence: the four switches are internally consistent, since dynamic sensitivity supersedes autosens and both autosens target switches correctly follow autosens being disabled, so none of them is proposed for change."
real_opus5,decision: AAPS / Autosens and Dynamic ISF,change,varying,2,6,Uncertainty: medium.
real_opus5,decision: AAPS / Autosens and Dynamic ISF,change,varying,2,6,"Dependencies: this must not be changed together with profile ISF or the microbolus caps, which act on the same effective dose, and it should follow the completed max IOB observation period."
real_opus5,decision: AAPS / carbohydrate absorption model,keep,shared,15,19,"Evidence: both components have non-null values, so verify is not applicable."
real_opus5,decision: AAPS / carbohydrate absorption model,keep,varying,7,19,"Uncertainty: no observational basis exists to tune either value, and no duration is inferred from any aggregate, since the average extended carbohydrate duration field is null."
real_opus5,decision: AAPS / carbohydrate absorption model,keep,varying,6,19,"Both settings act only on carbohydrates-on-board decay and absorption modelling, and carbohydrates on board are zero in all 24 sampled loop statuses with zero carb entries and zero extended carb entries across 14 days, so both are entirely inert and no observation in the package can support or refute either."
real_opus5,decision: AAPS / carbohydrate absorption model,keep,varying,5,19,"Both settings act only when carbohydrate on board exceeds zero, and carbohydrate on board was zero in every sampled loop status across the entire 14-day period with zero carbohydrate entries recorded, so neither setting was ever exercised and neither can have contributed to any observed pattern."
real_opus5,decision: AAPS / carbohydrate absorption model,keep,varying,5,19,"Evidence: these two parameters govern COB decay and meal absorption modelling, and neither has been exercised once during the period. carb_entries is 0, total_carbs_g is 0.0, carb_treatment_entries is empty, extended_carb_entries is 0, average_extended_carb_duration_min is a genuine null, and cob is 0 in every sampled loop status."
real_opus5,decision: AAPS / carbohydrate absorption model,keep,varying,4,19,"Dependencies: these settings only become reviewable once carbohydrate logging produces real carb-on-board data, so they are held unchanged."
real_opus5,decision: AAPS / carbohydrate absorption model,keep,varying,3,19,"One forward-looking caution rather than a change: both become active the moment carbohydrate entry begins, and meal_max_absorption_hours of 7 combined with DIA 10 hours could sustain dosing into the 18:00 to 19:00 and 22:00 to 01:00 windows that already carry 7.7 to 18.5 percent below range."
real_opus5,profile recommendation,basal,varying,7,13,"Keep all 17 profile rows unchanged, including all seven basal segments, the flat ISF of 56 mg/dL per unit, the five carb ratios, the three targets and the 10-hour DIA."
real_opus5,profile recommendation,basal,varying,7,13,The dawn segments are validated by 95.2 to 98.7 percent time in range between 03:00 and 08:00 local with at most 1.2 percent above range.
real_opus5,profile recommendation,basal,varying,4,13,"Targets cannot be assessed because the effective target ranged from 80 to 116 mg/dL rather than the declared 90, 100 and 90."
real_opus5,profile recommendation,basal,varying,3,13,"Keep all 17 profile values unchanged for now, including the 0.5 U/h segment from 16:00, and address the low exposure through the single automation change to the UAM microbolus basal-minutes cap instead."
real_opus5,profile recommendation,basal,varying,2,13,"The early-night trough at 01:00 local shows 18.5 percent below range, but glucose recovers to a stable level near 105 mg/dL by 03:00 and 04:00 within the same 00:00 to 05:00 basal segment, which contradicts a sustained basal excess and points instead to carried-over insulin activity from evening dosing."
real_opus5,profile recommendation,basal,varying,2,13,"The 04:00 to 09:00 local window shows 95 to 99 percent time in range on the existing 0.6 to 0.8 U/h segments, which corroborates the basal level."
real_opus5,profile recommendation,dia,shared,2,3,"Keep all 17 profile rows unchanged for now, including the duration of insulin action of 10 hours, and verify the insulin-on-board tail hypothesis by checking whether early-evening lows persist after the maximum insulin-on-board ceiling is reduced and site reliability is confirmed."
real_opus5,profile recommendation,isf,shared,3,3,"Keep all 17 profile parameters unchanged for now, including the flat ISF of 56 mg/dL per unit, and address the sensitivity problem at the automation layer instead by discussing a reduction of dynamic_isf_adjustment_factor_percent from 70 to 60."
real_opus5,primary recommendation,smb,varying,5,14,Discuss tightening the maximum insulin on board ceiling as the single primary change.
real_opus5,primary recommendation,smb,varying,4,14,"Primary: review the max IOB ceiling as the first and only change this cycle. max_iob_units is currently 25 units while scheduled basal is roughly 16.2 units per day and the highest observed insulin on board across the sampled statuses is 5.935 units at 08-21 22:10 local, with a second peak of 4.73 units at 08-19 16:55 local."
real_opus5,primary recommendation,smb,varying,3,14,"Max IOB is 25 U while total insulin is approximately 19.7 U per day, so the configured ceiling exceeds a full day of insulin and cannot act as a backstop."
real_opus5,primary recommendation,smb,varying,3,14,Discuss lowering the maximum insulin-on-board limit toward observed usage.
real_opus5,primary recommendation,smb,varying,2,14,"Observed insulin on board reached 4.73 U on 08-19 at 16:54 local and 5.935 U on 08-21 at 22:09 local, both with carbohydrates on board 0, and at the 27.8 mg/dL per unit effective sensitivity recorded in the second case that quantity represents a very large pending fall with a 10-hour DIA to unwind it."
real_opus5,primary recommendation,smb,varying,2,14,"It therefore provides no practical ceiling in a system that reached 41 to 56 mg/dL nadirs after documented stacking episodes on 2026-08-13, 2026-08-14, and 2026-08-19."
real_opus5,primary recommendation,isf,shared,3,3,Primary: discuss softening the dynamic ISF adjustment factor.
real_opus5,primary recommendation,isf,shared,2,3,"Observed variable sensitivity is 27.8 and 37.9 mg/dL per unit at 245-262 mg/dL versus 108.4 to 124.0 at 70-95 mg/dL, so the loop is at its most aggressive exactly when glucose is highest, and that insulin then acts across a 10-hour DIA into the hours that already carry the most hypoglycemia, namely 18:00-19:00 local at 7.7 and 15.3 percent below range and 23:00-03:00 local at 10.1 to 18.5 percent."
real_opus5,primary recommendation,isf,shared,2,3,"The known trade-off is that it also moves the protective high value of 124 mg/dL per unit at low glucose toward the anchor, and afternoon time above range may increase in the short term; the expected net direction is still a reduction in lows, because the observed lows follow high-glucose overcorrection rather than baseline over-basal."
real_opus5,summary,all,shared,19,19,"Two distinct patterns dominate: elevated glucose from 09:00 to 17:00 local (peak hour 16:00, mean 162.8 mg/dL, 32.1 percent above range) and clustered hypoglycemia in two windows, 23:00 to 03:00 local (up to 18.5 percent below range at 01:00) and 18:00 to 19:00 local (7.7 and 15.3 percent below range)."
real_opus5,summary,all,shared,19,19,"Overall glucose average 121.6 mg/dL, time in range 86.0 percent, time above range 8.9 percent, time below range 5.1 percent, coefficient of variation 32.6 percent."
real_opus5,summary,all,shared,16,19,"Fourteen days of Nightscout data with 98.7 percent CGM coverage at 5-minute cadence, 3995 valid entries, no invalid or duplicate readings, and a largest gap of 65 minutes."
real_opus5,summary,all,varying,10,19,"Across the whole period there are zero carb entries, zero e-carb entries and carbohydrates on board reported as zero in every sampled loop status, so the system operates fully in unannounced-meal mode with UAM and SMB providing all meal coverage."
real_opus5,summary,all,varying,8,19,"Dynamic ISF is active with a 70 percent adjustment factor and produces effective sensitivity between 27.8 and 124 mg/dL per unit against a flat profile ISF anchor of 56, roughly twice as strong as the profile value at high glucose."
real_opus5,summary,all,varying,7,19,"Confounders present in the same days include three GLP-1 notes (08-14, 08-17, 08-20), an occlusion and pump error on 08-19, three site changes and two sensor changes."
real_opus5,summary,all,varying,5,19,"No carbohydrates were logged during the entire period (0 carb entries, 0 grams, no extended carb entries), and the user-declared analysis_context contains an empty meal_strategies list, so declaration and telemetry agree that meal insulin was delivered entirely reactively by the loop."
real_opus5,summary,all,varying,4,19,The overnight and early morning window (04:00 to 08:00 local) is the most stable part of the day with 95 to 98 percent time in range.
real_opus5,summary,all,varying,3,19,"Loop statuses show insulin on board reaching 4.73 U and 5.935 U against a profile basal total of 16.2 U/day, with single microboluses up to 1.6 U and temporary basal rates up to 4.0 U/h, followed by reactive 120-minute zero-basal periods with minimum guard predictions of -4 and -59 mg/dL."
real_opus5,issues,all,shared,16,19,"Time below range of 5.1 percent exceeds the 4 percent goal and is concentrated in two clock windows: 18.5 percent at 01:00 local and 15.3 percent at 19:00 local, with 00:00, 02:00, 03:00 and 23:00 all near 10 percent."
real_opus5,issues,all,varying,10,19,"Level-2 clusters occurred on 08-13 around 18:00 local (51, 47, 42, 45 mg/dL) and on 08-14 around 19:04-19:14 local (48, 41, 41 mg/dL)."
real_opus5,issues,all,varying,9,19,"The period is non-stationary, containing three GLP-1 1.25 mg doses on 08-14, 08-17 and 08-20, an occlusion with pump error on 08-19, three site changes, two sensor changes and one profile switch."
real_opus5,issues,all,varying,8,19,"Profile target segments therefore cannot be evaluated as the operative control, and no target change can be justified from these data.'} {'area': 'cr', 'title': 'Carb ratios cannot be verified because no carbohydrate data exists', 'description': 'Across fourteen days there are zero carb entries, zero grams of carbohydrate, zero extended carb entries and COB reported as 0 in every sampled loop status."
real_opus5,issues,all,varying,6,19,"The configured limits therefore describe the base rather than the operative ceiling, which reduces the predictability of any change to those caps.'} {'area': 'isf', 'title': 'Effective sensitivity is set by dynamic ISF, not by the profile ISF value', 'description': 'With dynamic sensitivity enabled and Autosens disabled, observed variable sensitivity spans 27.8 to 124.0 mg/dL per unit against a flat profile ISF of 56."
real_opus5,issues,all,varying,6,19,"The boost multiplier is not exposed as an adjustable parameter, so reducing the UAM cap of 20 minutes may have less effect than expected.'} {'title': 'Loop targets depart from the profile target segments without a declared mechanism', 'detail': 'Profile targets are 90, 100 and 90 mg/dL, yet sampled loop targets fall to 80 mg/dL during rises on 08-10, 08-15, 08-18, 08-19 and 08-21 and rise to 116 mg/dL when a low is predicted on 08-16, although both autosens target flags are false and logged temporary targets are only 135 and 108 mg/dL."
real_opus5,issues,all,varying,5,19,"Target conflict (low severity): the authoritative profile declares targets of 90, 100 and 90 mg/dL, but loop statuses report target_bg values including 80, 86, 87, 99, 104, 105, 108 and 116 mg/dL."
real_opus5,step findings: data_quality,all,shared,18,19,"CGM data are sufficient for hourly and daily pattern analysis: 3995 valid entries, 0 invalid, 0 duplicate, 0 out of period, estimated cadence 5.0 minutes, coverage 98.7 percent of 4046 expected readings, 10 gaps with a largest gap of 65 minutes."
real_opus5,step findings: data_quality,all,shared,17,19,"Local timezone is BST at UTC plus 60 minutes, and hourly_glucose_local is a verified plus one hour shift of hourly_glucose."
real_opus5,step findings: data_quality,all,shared,15,19,"The profile is structurally complete: 7 basal segments, 5 carb-ratio segments, 1 flat ISF segment, 3 target segments and DIA."
real_opus5,step findings: data_quality,all,shared,12,19,"The first day (2026-08-07, 33 readings) and last day (2026-08-21, 269 readings) are partial and are excluded from daily comparisons."
real_opus5,step findings: data_quality,all,shared,12,19,"Only a sample of telemetry is included (24 of 6214 device statuses, 40 of 2315 treatments, 24 therapy response windows)."
real_opus5,step findings: data_quality,all,varying,10,19,"The build is customized: reason strings contain Enhanced oref1, UAM Boost 1 and 2, UAM High Boost, prTrial, twin, antBackout and a G3 pre-UAM uncertainty hold, and effective targets appear that are not derivable from the three profile target segments."
real_opus5,step findings: data_quality,all,varying,9,19,"Carbohydrate telemetry is entirely absent: carb_entries 0, total_carbs_g 0.0, carb_treatment_entries empty, extended_carb_entries 0."
real_opus5,step findings: data_quality,all,varying,5,19,"Confounders inside the window: profile switch on 08-13, site changes 08-10, 08-13 and 08-17, sensor changes 08-11 and 08-21, occlusion and pump error on 08-19, and GLP-1 1.25 mg notes on 08-14, 08-17 and 08-20."
real_opus5,step findings: data_quality,all,varying,5,19,"Scheduled basal totals 16.2 U per day, matching the profile-switch label of 16 to 2 U per day."
real_opus5,step findings: data_quality,all,varying,4,19,"Two cross-checks against loop output: carb ratios quoted by the algorithm match the profile at the 04:00, 08:00, 16:00 and 20:00 segments, while the 00:00 to 04:00 window repeatedly reports 13.3 g per unit against the profile value of 13.0."
real_opus5,step findings: data_quality,all,varying,3,19,"The profile is complete: all 17 profile inventory items carry concrete values, and profile_context states historical applicability is yes with the aaps_profile as authoritative source, so the profile is treated as valid for the entire period."
real_opus5,step findings: safety_overview,all,shared,18,19,"Time below range is 5.1 percent overall, above the usual 4 percent ceiling, while time in range is 86.0 percent and coefficient of variation 32.6 percent."
real_opus5,step findings: safety_overview,all,shared,17,19,"Hypoglycemia is clustered, not diffuse: local hour 01:00 at 18.5 percent, 19:00 at 15.3 percent, 00:00 at 11.4 percent, 03:00 at 10.2 percent, 02:00 and 23:00 at 10.1 percent, 18:00 at 7.7 percent and 22:00 at 6.6 percent."
real_opus5,step findings: safety_overview,all,shared,17,19,"Two level-2 hypoglycaemia clusters occurred: 08-13 between 17:59 and 18:14 local with 51, 47, 42 and 45 mg/dL, and 08-14 between 19:04 and 19:14 local with 48, 41 and 41 mg/dL, plus an isolated 42 mg/dL on 08-21 at 07:19 local."
real_opus5,step findings: safety_overview,all,shared,13,19,Severe highs cluster on 2026-08-15 around 17:29-17:39 local at 286-293 mg/dL and on 2026-08-18 around 12:54-13:14 local at 285-290 mg/dL.
real_opus5,step findings: safety_overview,all,varying,11,19,"Confounders: GLP-1 1.25 mg on 08-14, 08-17 and 08-20; occlusion and pump error announcements on 08-19; site changes on 08-10, 08-13 and 08-17; sensor changes on 08-11 and 08-21."
real_opus5,step findings: safety_overview,all,varying,10,19,"Worst days were 08-14 (time in range 70.8 percent) and 08-18 (time in range 71.9 percent, time below range 12.8 percent)."
real_opus5,step findings: safety_overview,all,varying,7,19,"Large fall amplitudes follow highs: 234 to 56 mg/dL in 120 minutes, 264 to 96 mg/dL in 120 minutes, 206 to 53 mg/dL in 180 minutes, 172 to 47 mg/dL in 240 minutes."
real_opus5,step findings: safety_overview,all,varying,7,19,"Hyperglycemia is clustered from 10:00 to 17:00 local, peaking at 16:00 with 32.1 percent above range and a mean of 162.8 mg/dL."
real_opus5,step findings: safety_overview,all,varying,5,19,A single 42 mg/dL on 08-21 at 07:19 local occurred about two hours before a sensor change and may be an artifact.
real_opus5,step findings: safety_overview,all,varying,5,19,Hypoglycemia is the leading safety signal.
real_opus5,step findings: basal_targets,all,shared,15,19,"The most fasting-like window, 04:00-08:00 local, is the best-controlled part of the day: averages 106.0, 104.2, 99.5, 99.5 and 110.5 mg/dL, time in range 95.8 to 98.7 percent, time below range 0.0 to 4.8 percent, and no time above range."
real_opus5,step findings: basal_targets,all,shared,14,19,"The overnight window from 23:00 to 07:00 local is flat in mean terms (105.7, 93.3, 90.6, 101.9, 104.7, 106.0, 104.2, 99.5, 99.5 mg/dL) with no sustained rise or fall, but the hypoglycemia burden is concentrated in its first hours and then disappears: 10.1, 11.4, 18.5, 10.1 and 10.2 percent below range from 23:00 to 03:00, against 3.0, 4.8, 2.5 and 1.3 percent from 04:00 to 07:00, with 95 to 99 percent in range from 04:00 to 08:00."
real_opus5,step findings: basal_targets,all,varying,11,19,"On targets, the profile defines 90, 100 and 90 mg/dL, but sampled effective targets span 80, 84, 86, 87, 90, 96.4, 99, 101, 104, 105, 106, 108 and 116 mg/dL."
real_opus5,step findings: basal_targets,all,varying,9,19,"The lowest segment of 0.5 U per hour from 16:00 sits under the highest glucose hours, 162.8 mg/dL at 16:00 with 32.1 percent above range and 148.9 mg/dL at 17:00 with 22.6 percent above range, while the highest evening segment of 0.7 U per hour from 19:00 sits over the worst evening hypoglycemia hour at 15.3 percent below range."
real_opus5,step findings: basal_targets,all,varying,4,19,"Some derive from user temporary targets of 135 mg/dL on 08-09, 08-17, 08-18, 08-19 and 08-20 and 108 mg/dL on 08-15, yet 80 mg/dL appears specifically on the most aggressive high glucose loops on 08-10, 08-18, 08-19 and 08-21, below the profile floor, and Autosens target adjustment is disabled in both directions."
real_opus5,step findings: basal_targets,all,varying,3,19,"Profile targets cannot be validated because effective target_bg in the sampled statuses ranges from 80 to 116 mg/dL, systematically lower at high glucose and higher at low-glucose risk, which is not explained by the three profile target segments or by the six temporary targets and not by autosens, since both autosens target flags are false."
real_opus5,step findings: basal_targets,all,varying,3,19,The morning rise from 99.5 mg/dL at 07:00 to 148.0 mg/dL at 10:00 sits inside the highest basal segment (0.8 U/h) with zero percent below range; dawn effect and unlogged breakfast cannot be separated.
real_opus5,step findings: basal_targets,all,varying,3,19,The dawn and early morning window is the best-controlled part of the day and gives no reason to alter the 05:00 and 06:00 basal segments.
real_opus5,step findings: profile_cr_isf_dia,all,shared,12,19,"Carb ratios of 13, 11.1, 13.2, 10.5, and 12.6 g/U cannot be evaluated because there were zero carbohydrate entries in 14 days, so no meal bolus was ever driven by a carb ratio."
real_opus5,step findings: profile_cr_isf_dia,all,varying,9,19,"ISF is a single flat 56 mg/dL per unit segment, but effective sensitivity is dynamic because dynamic_sensitivity_enabled is true with an adjustment factor of 70 percent and autosens_enabled is false."
real_opus5,step findings: profile_cr_isf_dia,all,varying,7,19,"Because dynamic sensitivity is enabled and autosens is disabled, the loop never used 56 for its own dosing; observed effective sensitivity ranged from 124 mg/dL/U at low glucose with low insulin on board down to 27.8 mg/dL/U at high glucose with high insulin on board, roughly twice as aggressive as the profile value in exactly the state that precedes the documented hypoglycemia clusters."
real_opus5,step findings: profile_cr_isf_dia,all,varying,5,19,Carb ratio assessment is blocked.
real_opus5,step findings: profile_cr_isf_dia,all,varying,5,19,DIA is 10 hours with insulin_type free_peak_oref and no peak time supplied.
real_opus5,step findings: profile_cr_isf_dia,all,varying,4,19,"The five carb ratio segments are confirmed active in the loop, but with zero carb entries and cob equal to 0 in every sampled status, no carb-to-insulin ratio has been exercised during the period, so the values can be neither validated nor falsified."
real_opus5,step findings: profile_cr_isf_dia,all,varying,4,19,Carb ratios cannot be validated or refuted.
real_opus5,step findings: automation_smb_uam,all,shared,13,19,"Activation conditions are internally coherent: smb_always_enabled true functionally supersedes smb_with_cob_enabled false and smb_after_carbs_enabled false, both of which are inert without carbohydrate entries."
real_opus5,step findings: automation_smb_uam,all,varying,11,19,"Temporary targets of 135 mg/dL were set for 180 minutes on 2026-08-17 at 13:30 to 16:30 local and for 180 minutes on 2026-08-18 at 15:24 to 18:24 local, both inside the afternoon plateau, and on 08-17 a 0.15 unit correction at 126 mg/dL was followed by 190 mg/dL at 180 minutes."
real_opus5,step findings: automation_smb_uam,all,varying,9,19,"These caps are nevertheless not the binding constraint, because build-specific boost logic multiplies past them: standardMaxBolus 0.2 followed by microbolusing 0.4 U on 2026-08-07, an increased SMB percentage message on 2026-08-18 with insulinReq 1.45, and a UAM high boost with SMB equal to 1.6 U on 2026-08-19 while IOB was already 4.73 U."
real_opus5,step findings: automation_smb_uam,all,varying,6,19,"SMB and UAM are the only meal coverage present, since COB is 0 in every sampled status and no carb entries exist; no duplicate COB counting is present because UAM predictions never overlap with a non-zero COB."
real_opus5,step findings: automation_smb_uam,all,varying,6,19,"The configured minute caps reconcile exactly with reported standardMaxBolus values: 15 minutes against 0.7 to 0.8 U/h basal gives 0.175 to 0.20 U matching a reported 0.2, and 20 minutes against 0.8 U/h gives 0.267 U matching a reported 0.3."
real_opus5,step findings: automation_smb_uam,all,varying,4,19,"SMB and UAM are both enabled and are load-bearing: with zero carb entries they are the only mechanism providing meal coverage, so disabling either would remove all meal coverage."
real_opus5,step findings: automation_smb_uam,all,varying,4,19,"All six AAPS groups were reproduced and every component carries a non-null value, so verify is not available for any group in this analysis."
real_opus5,step findings: automation_sensitivity_limits,all,shared,14,19,The carbohydrate absorption group is entirely inert because carbohydrates on board are zero throughout; min_5m_carbimpact 8 and meal_max_absorption_hours 7 cannot be supported or refuted by any observation in this package.
real_opus5,step findings: automation_sensitivity_limits,all,shared,13,19,"The configured maximum basal of 12 U/h is not the binding constraint and changing it alone would have no effect: the observed clamp is 4.0 U/h, shown explicitly in a reason string as adjusted required rate 5.9 reduced to maximum safe basal 4, which equals the maximum daily safety multiplier of 5.0 times the peak profile basal of 0.8 U/h."
real_opus5,step findings: automation_sensitivity_limits,all,varying,11,19,"Autosens is disabled while dynamic sensitivity is enabled with the oref1 sensitivity algorithm, which is a coherent pairing; the non-unity sensitivity ratios of 0.79, 0.88, 0.91, 0.92, 0.94 and 0.98 therefore arise from the dynamic path, and ratio 1 elsewhere is a neutral current adjustment rather than a disabled feature."
real_opus5,step findings: automation_sensitivity_limits,all,varying,11,19,"Autosens is disabled while dynamic sensitivity is enabled at a 70 percent adjustment factor, with both autosens target flags false."
real_opus5,step findings: automation_sensitivity_limits,all,varying,3,19,"Effective sensitivity spans 27.8 to 124.0 mg/dL/U around a flat profile ISF of 56 mg/dL/U, so the running sensitivity is roughly twice as strong as the profile above 200 mg/dL and roughly half as strong below 100 mg/dL."
real_opus5,step findings: automation_sensitivity_limits,all,varying,3,19,"Observed sensitivity_ratio values of 1.0, 0.98, 0.94, 0.92, 0.91, 0.88, and 0.79 are treated as neutral or restraining current adjustments, not as evidence about the autosens switch; the 0.79 value on 2026-08-16 accompanied a 120-minute zero temporary basal, showing the sensitivity layer does restrain dosing at times."
real_opus5,step findings: automation_sensitivity_limits,all,varying,2,19,"On limits, max_basal_u_per_hour of 12 U/h never binds because the effective ceiling is set by max_daily_safety_multiplier of 5 applied to the largest basal of 0.8 U/h, which produced the observed maxSafeBasal of 4 U/h reached on 08-14. max_iob_units of 25 U is approximately 1.27 times the observed 14-day mean daily bolus insulin and was never approached, since peak observed insulin on board was 5.94 U, so it has never engaged and could not have limited any observed event."
real_opus5,step findings: automation_sensitivity_limits,all,varying,2,19,"Importantly, max_basal of 12 U/h is not the binding constraint: the logs show adj. req. rate 5.9 to maxSafeBasal 4 on 2026-08-14 and enacted rates of 3.2, 3.6 and 4.0 U/h, so the real ceiling comes from max_daily_safety_multiplier of 5 times the maximum profile basal of 0.8 U/h, equal to 4.0 U/h, with current_basal_safety_multiplier of 6 times 0.7 U/h giving 4.2 U/h."
real_opus5,step findings: meal_bolus_strategy,all,shared,19,19,"The user declaration in aaps_profile.analysis_context is present and timestamped 2026-08-21T21:08:10Z, with meal_strategies as an empty list, period_exceptions null and strategy_stable_for_period null."
real_opus5,step findings: meal_bolus_strategy,all,varying,11,19,"Third, hypoglycaemia followed by a large unlogged rebound: 141 to 71 at 60 minutes to 225 at 120 minutes on 08-12, and 47 at 240 minutes to 204 at 360 minutes on 08-13."
real_opus5,step findings: meal_bolus_strategy,all,varying,10,19,"There is therefore no declared prebolus value, no declared immediate-bolus percentage and no declared e-carb amount, offset or duration to reproduce, and because strategy_stable_for_period is not true, nothing here may be treated as a representative declaration for the period."
real_opus5,step findings: meal_bolus_strategy,all,varying,9,19,"There is a late-morning rise from 110.5 mg/dL at 08:00 local to 148.0 at 10:00 with 20.2 percent above range, and a dominant afternoon rise from 135.0 at 13:00 to 162.8 at 16:00 with 32.1 percent above range, followed by the recurring trough at 19:00 local."
real_opus5,step findings: meal_bolus_strategy,all,varying,9,19,All 24 therapy response windows are correction boluses with extended carbohydrates false;
real_opus5,step findings: meal_bolus_strategy,all,varying,5,19,Declared strategy and observed execution are consistent with each other: the declaration is empty and execution is fully unannounced.
real_opus5,step findings: meal_bolus_strategy,all,varying,3,19,"Individual windows show the same unannounced shape, for example 100 to 188 mg/dL within 60 minutes after 0.2 U on 08-14 and 189 to 206 mg/dL within 120 minutes after 0.35 U on 08-21."
real_opus5,step findings: meal_ecarbs_absorption,all,shared,13,19,"No extended carbohydrate evidence exists in the package. extended_carb_entries is 0, average_extended_carb_duration_min is null, carb_treatment_entries is an empty array and is_extended_carbs is false in all 24 therapy response windows."
real_opus5,step findings: meal_ecarbs_absorption,all,shared,12,19,"E-carbs are not treated as equivalent to a pump extended bolus: e-carbs declare carbohydrate arriving over time to the absorption model, whereas an extended bolus delivers insulin over time, and neither is evidenced here."
real_opus5,step findings: meal_ecarbs_absorption,all,varying,9,19,"No e-carb amount, start offset, duration, or observed action time exists to assess, and no duration is inferred from any aggregate."
real_opus5,step findings: meal_ecarbs_absorption,all,varying,7,19,"There are zero extended carb entries, the average extended carb duration is null, every therapy response window is flagged as not extended carbs, and the carb treatment entries list is empty."
real_opus5,step findings: meal_ecarbs_absorption,all,varying,6,19,"No e-carb amount, start offset or duration can therefore be assessed and none is proposed, and no duration is inferred from any aggregate average."
real_opus5,step findings: meal_ecarbs_absorption,all,varying,5,19,"Indirect evidence of prolonged rises exists, for example the 2026-08-14 window rising 135 mg/dL at 240 minutes and remaining 131 mg/dL above start at 360 minutes, and the afternoon plateau failing to return to baseline, but slow absorption is only one candidate explanation alongside sequential unannounced eating, GLP-1 dosing on 08-14, 08-17, and 08-20 altering gastric emptying, SMB suppression under the 180-minute high temporary targets on 08-17 and 08-18, and the 08-19 occlusion."
real_opus5,step findings: meal_ecarbs_absorption,all,varying,3,19,The absorption parameters min_5m_carbimpact of 8 mg/dL per 5 minutes and meal_max_absorption_hours of 7 governed nothing during the period because COB was zero in all sampled statuses.
real_opus5,step findings: meal_ecarbs_absorption,all,varying,3,19,No extended carbohydrate assessment is possible.
real_opus5,step findings: synthesis_plan,all,varying,10,19,"A contradiction audit against aaps_profile, profile_context and decision_inventory produced three corrections to earlier reasoning."
real_opus5,step findings: synthesis_plan,all,varying,6,19,"All six AAPS groups have non-null components, so verify is unavailable and every AAPS decision is change or keep."
real_opus5,step findings: synthesis_plan,all,varying,5,19,"First, the early-night trough was initially attributable to the 00:00 basal segment, but the recovery to a stable level by 03:00 and 04:00 within the same 00:00 to 05:00 segment contradicts a sustained basal excess, so that hypothesis is downgraded."
real_opus5,step findings: synthesis_plan,all,varying,5,19,Competing explanations were compared.
real_opus5,step findings: synthesis_plan,all,varying,4,19,"The daytime highs from 09:00 to 17:00 local are best explained by fully reactive UAM coverage of unannounced meals, not by the 0.5 U/h basal at 16:00; raising that basal is rejected because the same insulin would land in the 18:00 and 19:00 window that already carries 7.7 and 15.3 percent time below range."
real_opus5,step findings: synthesis_plan,all,varying,4,19,"Day-level confounders are datable and must not be averaged in: Occlusion and Pump Error on 08-19, temporary targets of 135 mg/dL on 08-17 and 08-18 that suppress SMB, a site change on 08-10, 08-13 and 08-17, a sensor change on 08-11 and 08-21, a profile switch on 08-13, and GLP-1 1.25 mg notes on 08-14, 08-17 and 08-20 with a roughly three-day cadence."
real_opus5,meal strategy,all,shared,14,19,"The user declaration in aaps_profile.analysis_context is present and user-sourced, declared at 2026-08-21T21:08:10Z, but contains an empty meal_strategies list with period_exceptions null and strategy_stable_for_period null, so no declared prebolus minutes, immediate bolus percentage or extended-carb values exist and the declaration cannot be treated as representative for the period."
real_opus5,meal strategy,all,varying,10,19,"The declaration and the telemetry agree: all 24 therapy response windows are correction boluses with is_extended_carbs false, representative treatments contain only temp basals and correction boluses, 22 of 24 user doses are between 0.05 and 0.65 U, and carb_entries is 0 with COB 0 in every sampled status, so meals are handled entirely by UAM."
real_opus5,meal strategy,all,varying,8,19,"Observed execution is therefore fully reactive, with the daytime plateau from 10:00 to 17:00 local reaching 162.8 mg/dL at 16:00 with 32.1 percent above range, covered by boosted UAM SMB and temporary basal into a dynamic sensitivity of 27.8 to 42.5 mg/dL/U, producing insulin-on-board up to 5.94 U and low glucose concentrated at 18:00 to 19:00 and 22:00 to 03:00 local."
real_opus5,meal strategy,all,varying,7,19,"Keep SMB and UAM enabled throughout, since they are the only meal mechanism in use."
real_opus5,meal strategy,all,varying,6,19,"The excursion shape is well supported by 98.7 percent CGM coverage over 14 days: the midday to afternoon pattern rises from 12:00 local, peaks at 16:00 local at 162.8 mg/dL with 32.1 percent above range, and resolves over roughly six to seven hours into the 18:00 to 19:00 local hypoglycemia cluster at 7.7 and 15.3 percent below range."
real_opus5,meal strategy,all,varying,5,19,"Defer extended carbohydrate entries entirely until ordinary carbohydrate entries with six-hour follow-through exist, since absorption cannot be judged without them and extended carbohydrate entries are a carbohydrate-model construct rather than a pump extended bolus."
real_opus5,meal strategy,all,varying,3,19,"The consequence is visible in three recurring shapes across the 24 therapy response windows: under-dosed unannounced intake, such as 0.2 units at 100 mg/dL on 08-14 followed by 235 mg/dL at four hours; late high-glucose corrections that crash, such as 0.2 units at 234 mg/dL on 08-14 falling to 56 mg/dL within two hours and preceding the 41 to 48 mg/dL cluster; and unlogged rescue rebounds, such as 141 to 71 to 225 mg/dL within two hours on 08-12."
