experiment,step,n_runs,modal_status,status_agreement,modal_confidence,confidence_agreement,status_counts,confidence_counts
gemini36flash_50,data_quality,50,completed,1.0,high,1.0,{'completed': 50},{'high': 50}
gemini36flash_50,safety_overview,50,completed,1.0,high,1.0,{'completed': 50},{'high': 50}
gemini36flash_50,basal_targets,50,completed,1.0,high,0.96,{'completed': 50},"{'high': 48, 'medium': 2}"
gemini36flash_50,profile_cr_isf_dia,50,completed,1.0,high,0.98,{'completed': 50},"{'high': 49, 'medium': 1}"
gemini36flash_50,automation_smb_uam,50,completed,0.96,high,0.92,"{'completed': 48, 'partial': 2}","{'high': 46, 'medium': 4}"
gemini36flash_50,automation_sensitivity_limits,50,completed,0.94,high,0.86,"{'completed': 47, 'partial': 3}","{'high': 43, 'medium': 7}"
gemini36flash_50,meal_bolus_strategy,50,completed,1.0,high,1.0,{'completed': 50},{'high': 50}
gemini36flash_50,meal_ecarbs_absorption,50,completed,1.0,high,0.98,{'completed': 50},"{'high': 49, 'medium-high': 1}"
gemini36flash_50,synthesis_plan,50,completed,1.0,high,1.0,{'completed': 50},{'high': 50}
