experiment,run_id,status,error,model,wall_time_s,est_cost_usd,input_tokens_total,output_tokens_total,json_extracted,extraction_method,fully_compliant,schema_score,n_violations,violations,first_pass_json,first_pass_method,first_pass_compliant,first_pass_sections,n_repairs,app_outcome,app_accepted,prompt_only_violations,n_prompt_only_violations,repair_rows_changed,repair_decisions_changed,repair_decisions_changed_keys,repair_profile_focus_changed,n_change,n_keep,n_verify,changed_keys,profile_rec_focus,profile_rec_decision,profile_rec_confidence,profile_rec_text,meal_confidence,meal_n_exceptions,meal_suggestion,n_recommendations,primary_rec_area,primary_rec_title,primary_rec_priority,rec_areas,n_issues,n_strengths,n_implementation_steps,summary,summary_chars
real_llama4maverick_50,run_001,completed,,meta-llama/llama-4-maverick,141.12,,143801,9503,True,fenced,True,1.0,0.0,,True,fenced,False,"parameter_decisions.profile.basal.00_00.current_value, parameter_decisions.profile.basal.05_00.current_value, parameter_decisions.profile.basal.06_00.current_value, parameter_decisions.profile.basal.10_00.current_value, parameter_decisions.profile.basal.16_00.current_value, parameter_decisions.profile.basal.18_00.current_value, parameter_decisions.profile.basal.19_00.current_value, parameter_decisions.profile.cr.00_00.current_value, parameter_decisions.profile.cr.04_00.current_value, parameter_decisions.profile.cr.08_00.current_value, parameter_decisions.profile.cr.16_00.current_value, parameter_decisions.profile.cr.20_00.current_value, parameter_decisions.profile.isf.00_00.current_value, parameter_decisions.profile.target.00_00.current_value, parameter_decisions.profile.target.08_00.current_value, parameter_decisions.profile.target.23_00.current_value, parameter_decisions.profile.dia.current_value",1,accepted_after_correction,True,,0.0,0.0,0.0,,False,2.0,21.0,0.0,aaps.core.safety_limits;profile.basal.00_00,basal,change,medium,Adjust basal rate at 00:00 to 0.55 U/h,medium,2.0,Rely on SMB/UAM for glucose management without explicit meal logging or carb counting. Continue using correction boluses and temp targets as needed.,1.0,basal,Verify basal rates,medium,basal,2.0,2.0,3.0,The glucose management system is generally stable with some variability. SMB/UAM is actively used for glucose control without explicit meal logging.,148.0
real_llama4maverick_50,run_002,completed,,meta-llama/llama-4-maverick,135.81,,141635,7175,True,fenced,True,1.0,0.0,,True,fenced,False,parameter_decisions,1,accepted_after_correction,True,,0.0,21.0,21.0,aaps.core.carb_absorption;aaps.core.safety_limits;aaps.core.sensitivity;aaps.core.smb_activation;aaps.core.smb_delivery;profile.basal.05_00;profile.basal.06_00;profile.basal.10_00;profile.basal.16_00;profile.basal.18_00;profile.basal.19_00;profile.cr.00_00;profile.cr.04_00;profile.cr.08_00;profile.cr.16_00;profile.cr.20_00;profile.dia;profile.isf.00_00;profile.target.00_00;profile.target.08_00;profile.target.23_00,False,2.0,21.0,0.0,aaps.core.safety_limits;profile.basal.00_00,basal,change,medium,Adjust basal rate at 00:00 to 0.55 U/h,low,0.0,Implement a consistent meal bolus strategy with carb counting.,2.0,basal,Review basal profile,medium,basal;aaps,2.0,2.0,3.0,The patient has generally good glucose control with some variability. The current AAPS settings and profile are mostly reasonable but could be optimized.,153.0
real_llama4maverick_50,run_003,completed,,meta-llama/llama-4-maverick,165.23,,142852,8185,False,failed,,,,,True,fenced,False,parameter_decisions,1,rejected_after_correction,,,,,,,,,,,,,,,,,,,,,,,,,,,,
real_llama4maverick_50,run_004,completed,,meta-llama/llama-4-maverick,66.09,,110725,5843,True,fenced,True,1.0,0.0,,True,fenced,True,,0,accepted_first_pass,True,,0.0,,,,,1.0,22.0,0.0,profile.basal.00_00,basal,change,medium,Adjust basal rate at 00:00 to 0.65 U/h.,low,1.0,Rely on SMB/UAM for glucose control; consider recording meal data for further strategy refinement.,1.0,basal,Adjust basal profile,medium,basal,2.0,2.0,3.0,The glucose data shows variability with time in range at 86%. Basal and target settings vary throughout the day. SMB/UAM are enabled and active. Significant data gaps exist regarding meal strategies and carb entries.,216.0
real_llama4maverick_50,run_005,completed,,meta-llama/llama-4-maverick,72.49,,111369,6349,True,fenced,True,1.0,0.0,,True,fenced,True,,0,accepted_first_pass,True,,0.0,,,,,1.0,22.0,0.0,aaps.core.safety_limits,basal,keep,medium,Keep current basal rates with a review of glucose patterns.,medium,1.0,Rely on SMB/UAM and correction boluses for meal strategy.,2.0,AAPS,Adjust max IOB,high,AAPS;basal,3.0,2.0,3.0,The glucose data shows variability with instances of hypo and hyperglycemia. The current AAPS profile and settings are generally appropriate but require adjustments for better glucose control.,192.0
real_llama4maverick_50,run_006,completed,,meta-llama/llama-4-maverick,88.94,,142959,8440,True,brace_slice,False,0.7647,8.0,"top-level keys differ: missing=['education', 'implementation_steps', 'meal_strategy_summary', 'safety_notes'] extra=[] | parameter_decisions has 24 items, expected 23 | missing=[] extra=[None] | decision rows missing a required field (['parameter_key', 'decision', 'rationale']): [None] | decisions with wrong field set: ['profile.basal.00_00', 'profile.basal.05_00', 'profile.basal.06_00', 'profile.basal.10_00', 'profile.basal.16_00', 'profile.basal.18_00', 'profile.basal.19_00', 'profile.cr.00_00', 'profile.cr.04_00', 'profile.cr.08_00', 'profile.cr.16_00', 'profile.cr.20_00', 'profile.isf.00_00', 'profile.target.00_00', 'profile.target.08_00', 'profile.target.23_00', 'profile.dia', 'aaps.core.smb_uam', 'aaps.core.smb_activation', 'aaps.core.smb_delivery', 'aaps.core.safety_limits', 'aaps.core.sensitivity', 'aaps.core.carb_absorption', None] | meal_strategy_summary fields: [] | meal exceptions = None | meal_strategy_summary.confidence=None",True,fenced,False,parameter_decisions,1,rejected_after_correction,False,top_level_exact | decisions_count | decisions_fields_exact | meal_fields_exact | meal_exceptions_0_to_2 | meal_confidence_valid,6.0,21.0,20.0,aaps.core.carb_absorption;aaps.core.safety_limits;aaps.core.sensitivity;aaps.core.smb_activation;aaps.core.smb_delivery;profile.basal.06_00;profile.basal.10_00;profile.basal.16_00;profile.basal.18_00;profile.basal.19_00;profile.cr.00_00;profile.cr.04_00;profile.cr.08_00;profile.cr.16_00;profile.cr.20_00;profile.dia;profile.isf.00_00;profile.target.00_00;profile.target.08_00;profile.target.23_00,False,1.0,22.0,0.0,profile.basal.00_00,basal,change,medium,Adjust basal rate at 00:00 to 0.65 U/h,,,,1.0,basal,Adjust basal rate profile for better overnight control,medium,basal,2.0,2.0,0.0,The glucose data indicates generally good control with some variability. The current AAPS profile and settings are mostly appropriate but could be optimized for better glucose management.,187.0
real_llama4maverick_50,run_007,completed,,meta-llama/llama-4-maverick,95.75,,142982,7780,True,fenced,True,1.0,0.0,,True,fenced,False,"parameter_decisions, parameter_decisions.profile.basal.00_00.current_value, parameter_decisions.profile.basal.05_00.current_value, parameter_decisions.aaps.core.safety_limits.current_value",1,accepted_after_correction,True,,0.0,19.0,19.0,aaps.core.carb_absorption;aaps.core.sensitivity;aaps.core.smb_activation;aaps.core.smb_delivery;profile.basal.06_00;profile.basal.10_00;profile.basal.16_00;profile.basal.18_00;profile.basal.19_00;profile.cr.00_00;profile.cr.04_00;profile.cr.08_00;profile.cr.16_00;profile.cr.20_00;profile.dia;profile.isf.00_00;profile.target.00_00;profile.target.08_00;profile.target.23_00,False,2.0,21.0,0.0,aaps.core.safety_limits;profile.basal.00_00,basal,change,medium,Adjust basal rate at 00:00 to 0.55 U/h.,low,1.0,"Continue using correction boluses and SMB/UAM, monitor meal data.",2.0,profile,Review basal rates and targets.,medium,profile;aaps,2.0,2.0,3.0,"The glucose management strategy relies heavily on correction boluses and SMB/UAM with limited meal bolus data. The profile settings are complex, and automation is active.",170.0
real_llama4maverick_50,run_008,completed,,meta-llama/llama-4-maverick,66.05,,110659,5793,True,fenced,True,1.0,0.0,,True,fenced,True,,0,accepted_first_pass,True,,0.0,,,,,1.0,22.0,0.0,profile.basal.00_00,basal,change,medium,Adjust basal rate at 00:00 to 0.65 U/h,low,2.0,Rely on SMB/UAM for glucose management. Logging meal data is crucial.,1.0,basal,Verify and adjust basal rates,medium,basal,2.0,2.0,2.0,"The analysis indicates good CGM data quality with some gaps. Glucose control is generally within target but with instances of hypo and hyperglycemia. The profile settings and AAPS automation are in use, but meal strategy data is lacking.",237.0
real_llama4maverick_50,run_009,completed,,meta-llama/llama-4-maverick,90.61,,142950,7898,True,fenced,True,1.0,0.0,,True,fenced,False,"parameter_decisions, parameter_decisions.profile.basal.00_00.current_value, parameter_decisions.profile.basal.05_00.current_value",1,accepted_after_correction,True,,0.0,22.0,20.0,aaps.core.carb_absorption;aaps.core.safety_limits;aaps.core.sensitivity;aaps.core.smb_activation;aaps.core.smb_delivery;profile.basal.06_00;profile.basal.10_00;profile.basal.16_00;profile.basal.18_00;profile.basal.19_00;profile.cr.00_00;profile.cr.04_00;profile.cr.08_00;profile.cr.16_00;profile.cr.20_00;profile.dia;profile.isf.00_00;profile.target.00_00;profile.target.08_00;profile.target.23_00,False,1.0,22.0,0.0,profile.basal.00_00,basal,change,medium,Adjust basal rate at 00:00 to 0.65 U/h,low,1.0,Rely on SMB/UAM for glucose management without explicit meal boluses.,1.0,profile,Review basal rates for potential adjustments,medium,profile,2.0,2.0,2.0,The glucose data shows a generally good time in range (TIR) but with instances of hyperglycemia and hypoglycemia. The profile settings and AAPS automation are generally appropriate but may require adjustments.,209.0
real_llama4maverick_50,run_010,completed,,meta-llama/llama-4-maverick,90.36,,143091,7921,True,fenced,False,0.9706,1.0,"current_value not copied exactly: ['profile.basal.00_00', 'profile.basal.05_00', 'profile.basal.06_00', 'profile.basal.10_00', 'profile.basal.16_00', 'profile.basal.18_00', 'profile.basal.19_00', 'profile.cr.00_00', 'profile.cr.04_00', 'profile.cr.08_00', 'profile.cr.16_00', 'profile.cr.20_00', 'profile.isf.00_00', 'profile.target.00_00', 'profile.target.08_00', 'profile.target.23_00', 'profile.dia']",True,fenced,False,"parameter_decisions, parameter_decisions.profile.basal.00_00.current_value, parameter_decisions.profile.basal.05_00.current_value",1,rejected_after_correction,False,,0.0,20.0,20.0,aaps.core.carb_absorption;aaps.core.safety_limits;aaps.core.sensitivity;aaps.core.smb_activation;aaps.core.smb_delivery;profile.basal.06_00;profile.basal.10_00;profile.basal.16_00;profile.basal.18_00;profile.basal.19_00;profile.cr.00_00;profile.cr.04_00;profile.cr.08_00;profile.cr.16_00;profile.cr.20_00;profile.dia;profile.isf.00_00;profile.target.00_00;profile.target.08_00;profile.target.23_00,False,1.0,22.0,0.0,profile.basal.00_00,basal,change,medium,Adjust basal rate at 00:00 to 0.55 U/h.,low,1.0,Rely on SMB/UAM for postprandial glucose management and record carb amounts for meals.,2.0,basal,Review and adjust basal rates based on fasting glucose patterns.,high,basal;meal_strategy,2.0,2.0,3.0,"The user's glucose management shows variability with some hyperglycemia and hypoglycemia events. The AAPS configuration is complex, with SMB and UAM enabled, and relies on Dynamic ISF for sensitivity adjustments.",212.0
real_llama4maverick_50,run_011,completed,,meta-llama/llama-4-maverick,63.89,,110431,5770,True,fenced,True,1.0,0.0,,True,fenced,True,,0,accepted_first_pass,True,,0.0,,,,,2.0,21.0,0.0,aaps.core.safety_limits;profile.basal.00_00,basal,change,medium,Adjust basal rate at 00:00 to 0.55 U/h.,medium,2.0,Rely on correction boluses and SMB/UAM for glucose management.,1.0,basal,Adjust basal rates,medium,basal,2.0,2.0,3.0,The glucose data shows variability with both hypo- and hyperglycemic events. The current profile and AAPS settings are being utilized to manage glucose levels.,159.0
real_llama4maverick_50,run_012,completed,,meta-llama/llama-4-maverick,100.01,,143431,8985,True,fenced,True,1.0,0.0,,False,failed,False,,1,rejected_no_prompt,True,,0.0,,,,,1.0,22.0,0.0,profile.basal.00_00,basal,change,medium,Adjust basal rate at 00:00 to 0.65 U/h.,low,1.0,Rely on SMB/UAM for glucose management without regular carb counting or bolusing.,1.0,basal,Adjust basal rates,medium,basal,2.0,2.0,2.0,The glucose data shows generally good control with some variability. The current AAPS profile and settings are mostly appropriate but could be optimized for better glucose management.,183.0
real_llama4maverick_50,run_013,completed,,meta-llama/llama-4-maverick,69.1,,110950,5999,True,fenced,True,1.0,0.0,,True,fenced,True,,0,accepted_first_pass,True,,0.0,,,,,1.0,22.0,0.0,aaps.core.safety_limits,basal,keep,medium,Keep basal settings with verification of glucose patterns after meal logging.,high,0.0,Start logging meals to improve glucose management.,2.0,Meal Logging,Start logging meals,high,Meal Logging;Max IOB,2.0,2.0,3.0,The user's glucose management relies heavily on SMB/UAM with no logged meals. Profile settings and automation are generally appropriate but require adjustments based on observed glucose patterns.,195.0
real_llama4maverick_50,run_014,completed,,meta-llama/llama-4-maverick,95.23,,143081,8112,True,fenced,False,0.9412,2.0,steps with invalid status [] / confidence ['automation_smb_uam'] | meal_strategy_summary.confidence=low to medium,True,fenced,False,"analysis_steps.automation_smb_uam.confidence, parameter_decisions, meal_strategy_summary.confidence",1,accepted_after_correction,True,steps_enums_valid | meal_confidence_valid,2.0,20.0,20.0,aaps.core.carb_absorption;aaps.core.sensitivity;aaps.core.smb_activation;aaps.core.smb_delivery;profile.basal.05_00;profile.basal.06_00;profile.basal.10_00;profile.basal.16_00;profile.basal.18_00;profile.basal.19_00;profile.cr.00_00;profile.cr.04_00;profile.cr.08_00;profile.cr.16_00;profile.cr.20_00;profile.dia;profile.isf.00_00;profile.target.00_00;profile.target.08_00;profile.target.23_00,False,1.0,22.0,0.0,aaps.core.safety_limits,basal,keep,medium,Keep basal rates as is and verify with meal data logging.,low to medium,1.0,Rely on SMB/UAM and start logging meal data.,2.0,meal strategy,Start logging meal data.,high,meal strategy;automation,2.0,2.0,3.0,The user's glucose management relies heavily on SMB/UAM without explicit carb counting. The profile settings and automation parameters are generally reasonable but could be optimized.,183.0
real_llama4maverick_50,run_015,completed,,meta-llama/llama-4-maverick,91.65,,143224,8328,True,fenced,False,0.9706,1.0,"decisions with wrong field set: ['profile.basal.00_00', 'profile.basal.05_00', 'profile.basal.06_00', 'profile.basal.10_00', 'profile.basal.16_00', 'profile.basal.18_00', 'profile.basal.19_00', 'profile.cr.00_00', 'profile.cr.04_00', 'profile.cr.08_00', 'profile.cr.16_00', 'profile.cr.20_00', 'profile.dia', 'profile.isf.00_00', 'profile.target.00_00', 'profile.target.08_00', 'profile.target.23_00', 'aaps.core.smb_uam', 'aaps.core.smb_activation', 'aaps.core.smb_delivery', 'aaps.core.safety_limits', 'aaps.core.sensitivity', 'aaps.core.carb_absorption']",True,fenced,False,parameter_decisions,1,accepted_after_correction,True,decisions_fields_exact,1.0,21.0,21.0,aaps.core.carb_absorption;aaps.core.sensitivity;aaps.core.smb_activation;aaps.core.smb_delivery;aaps.core.smb_uam;profile.basal.05_00;profile.basal.06_00;profile.basal.10_00;profile.basal.16_00;profile.basal.18_00;profile.basal.19_00;profile.cr.00_00;profile.cr.04_00;profile.cr.08_00;profile.cr.16_00;profile.cr.20_00;profile.dia;profile.isf.00_00;profile.target.00_00;profile.target.08_00;profile.target.23_00,False,1.0,22.0,0.0,aaps.core.safety_limits,basal,keep,medium,Keep basal rates with next check on meal data.,low,1.0,Rely on correction boluses and SMB/UAM with future consideration for meal logging.,1.0,AAPS safety limits,Adjust max IOB,high,AAPS safety limits,3.0,2.0,3.0,The user's glucose management relies heavily on correction boluses and SMB/UAM without explicit meal logging. Variability in glucose levels and instances of hypo and hyperglycemia are noted.,190.0
real_llama4maverick_50,run_016,completed,,meta-llama/llama-4-maverick,63.32,,110977,5860,True,fenced,True,1.0,0.0,,True,fenced,True,,0,accepted_first_pass,True,,0.0,,,,,1.0,22.0,0.0,profile.basal.00_00,basal,change,medium,Adjust basal rate at 00:00 to 0.65 U/h,low,2.0,Rely on correction boluses and SMB/UAM; consider logging meal carbs for better glucose management.,1.0,basal,Verify basal rates,medium,basal,2.0,2.0,2.0,The patient's glucose management relies heavily on correction boluses and SMB/UAM. Basal rates and ISF settings are generally appropriate but may require fine-tuning.,166.0
real_llama4maverick_50,run_017,completed,,meta-llama/llama-4-maverick,63.97,,110582,5916,True,fenced,True,1.0,0.0,,True,fenced,True,,0,accepted_first_pass,True,,0.0,,,,,1.0,22.0,0.0,profile.basal.00_00,basal,change,medium,Adjust basal rate at 00:00 to 0.65 U/h.,low,2.0,The user relies on SMB/UAM for glucose control without carb counting or meal boluses.,1.0,basal,Verify and adjust basal rates,medium,basal,3.0,2.0,2.0,The user's glucose data shows variability with both hypo and hyperglycemia. The current AAPS profile and settings are generally appropriate but may require adjustments for better glucose control.,195.0
real_llama4maverick_50,run_018,completed,,meta-llama/llama-4-maverick,85.13,,142097,7790,True,fenced,True,1.0,0.0,,True,fenced,False,parameter_decisions,1,accepted_after_correction,True,,0.0,20.0,20.0,aaps.core.carb_absorption;aaps.core.sensitivity;aaps.core.smb_activation;aaps.core.smb_delivery;profile.basal.05_00;profile.basal.06_00;profile.basal.10_00;profile.basal.16_00;profile.basal.18_00;profile.basal.19_00;profile.cr.00_00;profile.cr.04_00;profile.cr.08_00;profile.cr.16_00;profile.cr.20_00;profile.dia;profile.isf.00_00;profile.target.00_00;profile.target.08_00;profile.target.23_00,False,1.0,22.0,0.0,aaps.core.safety_limits,basal,keep,medium,Keep basal settings and monitor glucose patterns.,low,0.0,Rely on SMB/UAM and start logging meal data for better strategy assessment.,2.0,meal logging,Start logging meal data,high,meal logging;max IOB,2.0,2.0,2.0,"The user's glucose management relies heavily on SMB/UAM and correction boluses. There is a lack of meal data, making it challenging to assess meal bolus strategies.",164.0
real_llama4maverick_50,run_019,completed,,meta-llama/llama-4-maverick,89.4,,143498,7997,True,fenced,True,1.0,0.0,,True,fenced,False,parameter_decisions,1,accepted_after_correction,True,,0.0,21.0,21.0,aaps.core.carb_absorption;aaps.core.safety_limits;aaps.core.sensitivity;aaps.core.smb_activation;aaps.core.smb_delivery;profile.basal.05_00;profile.basal.06_00;profile.basal.10_00;profile.basal.16_00;profile.basal.18_00;profile.basal.19_00;profile.cr.00_00;profile.cr.04_00;profile.cr.08_00;profile.cr.16_00;profile.cr.20_00;profile.dia;profile.isf.00_00;profile.target.00_00;profile.target.08_00;profile.target.23_00,False,1.0,22.0,0.0,profile.basal.00_00,basal,change,high,Adjust basal rate at 00:00 to 0.65 U/h.,medium,1.0,Rely on correction boluses and SMB/UAM; implement meal logging.,2.0,basal,Adjust basal rates,high,basal;meal_strategy,2.0,2.0,2.0,The patient's glucose management shows variability with both hypo and hyperglycemic events. The current profile and automation settings are generally appropriate but may require adjustments to improve glucose control.,217.0
real_llama4maverick_50,run_020,completed,,meta-llama/llama-4-maverick,103.28,,143630,7929,True,fenced,True,1.0,0.0,,True,fenced,False,parameter_decisions,1,accepted_after_correction,True,,0.0,20.0,20.0,aaps.core.carb_absorption;aaps.core.safety_limits;aaps.core.sensitivity;aaps.core.smb_activation;aaps.core.smb_delivery;profile.basal.05_00;profile.basal.06_00;profile.basal.10_00;profile.basal.16_00;profile.basal.18_00;profile.basal.19_00;profile.cr.00_00;profile.cr.04_00;profile.cr.08_00;profile.cr.16_00;profile.cr.20_00;profile.dia;profile.target.00_00;profile.target.08_00;profile.target.23_00,False,1.0,22.0,0.0,profile.isf.00_00,isf,change,medium,Adjust ISF to 50 mg/dL/U.,medium,1.0,Rely on correction boluses and SMB/UAM for glucose management.,1.0,profile,Review and adjust ISF,high,profile,2.0,2.0,3.0,The patient's glucose management involves correction boluses and SMB/UAM. Basal rates and ISF settings are generally appropriate but may require adjustments.,157.0
real_llama4maverick_50,run_021,completed,,meta-llama/llama-4-maverick,90.68,,142225,8234,True,brace_slice,False,0.9706,1.0,"decisions with wrong field set: ['profile.basal.00_00', 'profile.basal.05_00', 'profile.basal.06_00', 'profile.basal.10_00', 'profile.basal.16_00', 'profile.basal.18_00', 'profile.basal.19_00', 'profile.cr.00_00', 'profile.cr.04_00', 'profile.cr.08_00', 'profile.cr.16_00', 'profile.cr.20_00', 'profile.dia', 'profile.isf.00_00', 'profile.target.00_00', 'profile.target.08_00', 'profile.target.23_00', 'aaps.core.carb_absorption', 'aaps.core.sensitivity', 'aaps.core.smb_activation', 'aaps.core.smb_delivery', 'aaps.core.smb_uam', 'aaps.core.safety_limits']",True,fenced,False,parameter_decisions,1,accepted_after_correction,True,decisions_fields_exact,1.0,20.0,20.0,aaps.core.carb_absorption;aaps.core.sensitivity;aaps.core.smb_activation;aaps.core.smb_delivery;aaps.core.smb_uam;profile.basal.05_00;profile.basal.06_00;profile.basal.10_00;profile.basal.16_00;profile.basal.18_00;profile.basal.19_00;profile.cr.00_00;profile.cr.04_00;profile.cr.08_00;profile.cr.16_00;profile.cr.20_00;profile.dia;profile.target.00_00;profile.target.08_00;profile.target.23_00,False,1.0,22.0,0.0,aaps.core.safety_limits,isf,keep,medium,Keep ISF at 56 mg/dL/U and monitor glucose variability.,low,1.0,Rely on correction boluses and SMB/UAM. Consider recording meal data for better strategy assessment.,2.0,AAPS safety limits,Reduce max IOB,high,AAPS safety limits;Profile ISF,2.0,2.0,3.0,The analysis indicates generally good glucose management with some variability. The profile settings and AAPS automation are generally appropriate but require some adjustments for better glucose control.,203.0
real_llama4maverick_50,run_022,completed,,meta-llama/llama-4-maverick,68.51,,111026,6242,True,fenced,True,1.0,0.0,,True,fenced,True,,0,accepted_first_pass,True,,0.0,,,,,1.0,22.0,0.0,aaps.core.safety_limits,cr,keep,medium,Keep CR settings and verify with meal data.,low,2.0,Rely on SMB/UAM for glucose management without logging carb intake.,2.0,meal strategy,Start logging meal data,high,meal strategy;profile,3.0,2.0,3.0,"The user's glucose data shows variability with both hypo and hyperglycemic events. The current AAPS configuration is complex, with SMB and UAM enabled, and relies on Dynamic ISF. Meal data is absent, making it challenging to assess meal-related strategies.",256.0
real_llama4maverick_50,run_023,completed,,meta-llama/llama-4-maverick,85.66,,143670,8023,True,brace_slice,True,1.0,0.0,,True,fenced,False,parameter_decisions,1,accepted_after_correction,True,,0.0,21.0,21.0,aaps.core.carb_absorption;aaps.core.sensitivity;aaps.core.smb_activation;aaps.core.smb_delivery;aaps.core.smb_uam;profile.basal.05_00;profile.basal.06_00;profile.basal.10_00;profile.basal.16_00;profile.basal.18_00;profile.basal.19_00;profile.cr.00_00;profile.cr.04_00;profile.cr.08_00;profile.cr.16_00;profile.cr.20_00;profile.dia;profile.isf.00_00;profile.target.00_00;profile.target.08_00;profile.target.23_00,False,1.0,22.0,0.0,aaps.core.safety_limits,basal,keep,medium,Keep basal rates with next check on overnight glucose patterns.,low,1.0,Rely on SMB/UAM for meal coverage without explicit meal boluses.,1.0,AAPS safety limits,Adjust max IOB to a safer limit,high,AAPS safety limits,2.0,2.0,2.0,"The glucose data shows moderate variability with instances of hypo and hyperglycemia. The current AAPS profile and automation settings are generally aligned with managing this variability, but there are areas for potential improvement.",235.0
real_llama4maverick_50,run_024,completed,,meta-llama/llama-4-maverick,91.26,,142791,7767,True,fenced,True,1.0,0.0,,True,fenced,False,parameter_decisions,1,accepted_after_correction,True,,0.0,21.0,21.0,aaps.core.carb_absorption;aaps.core.safety_limits;aaps.core.sensitivity;aaps.core.sensitivity.autosens_enabled;aaps.core.smb_activation;aaps.core.smb_delivery;profile.basal.06_00;profile.basal.10_00;profile.basal.16_00;profile.basal.18_00;profile.basal.19_00;profile.cr.00_00;profile.cr.04_00;profile.cr.08_00;profile.cr.16_00;profile.cr.20_00;profile.dia;profile.isf.00_00;profile.target.00_00;profile.target.08_00;profile.target.23_00,False,1.0,22.0,0.0,profile.basal.00_00,basal,change,medium,Adjust basal rate at 00:00 to 0.65 U/h.,low,1.0,Rely on SMB/UAM with correction boluses as needed.,2.0,basal,Review basal rates for potential adjustments.,medium,basal;aaps,3.0,2.0,2.0,The glucose management relies heavily on SMB/UAM with varied basal rates and targets. There are instances of hypo and hyperglycemia.,132.0
real_llama4maverick_50,run_025,completed,,meta-llama/llama-4-maverick,78.69,,142614,7194,True,fenced,False,0.9412,2.0,profile_recommendation.focus=max_iob_units | profile_recommendation.decision=change but profile rows imply keep,True,fenced,False,"parameter_decisions, profile_recommendation.focus, profile_recommendation.decision",1,rejected_after_correction,False,profile_rec_decision_consistent,1.0,21.0,21.0,aaps.core.carb_absorption;aaps.core.sensitivity;aaps.core.smb_activation;aaps.core.smb_delivery;aaps.core.smb_uam;profile.basal.05_00;profile.basal.06_00;profile.basal.10_00;profile.basal.16_00;profile.basal.18_00;profile.basal.19_00;profile.cr.00_00;profile.cr.04_00;profile.cr.08_00;profile.cr.16_00;profile.cr.20_00;profile.dia;profile.isf.00_00;profile.target.00_00;profile.target.08_00;profile.target.23_00,True,1.0,22.0,0.0,aaps.core.safety_limits,max_iob_units,change,medium,Reduce max IOB to 15 U.,low,1.0,Rely on SMB/UAM for meal coverage.,1.0,AAPS,Adjust max IOB,high,AAPS,2.0,2.0,2.0,"The analysis indicates generally safe glucose levels with some variability. SMB/UAM is active, and there is a high max IOB setting.",131.0
real_llama4maverick_50,run_026,completed,,meta-llama/llama-4-maverick,87.87,,142243,7457,True,fenced,True,1.0,0.0,,True,fenced,False,"parameter_decisions, profile_recommendation.focus, profile_recommendation.decision",1,accepted_after_correction,True,,0.0,21.0,21.0,aaps.core.carb_absorption;aaps.core.sensitivity;aaps.core.smb_activation;aaps.core.smb_delivery;aaps.core.smb_uam;profile.basal.05_00;profile.basal.06_00;profile.basal.10_00;profile.basal.16_00;profile.basal.18_00;profile.basal.19_00;profile.cr.00_00;profile.cr.04_00;profile.cr.08_00;profile.cr.16_00;profile.cr.20_00;profile.dia;profile.isf.00_00;profile.target.00_00;profile.target.08_00;profile.target.23_00,True,1.0,22.0,0.0,aaps.core.safety_limits,basal,keep,medium,Keep basal rates as is and monitor glucose control,low,1.0,Rely on SMB/UAM with careful monitoring and manual corrections as needed.,1.0,AAPS safety limits,Adjust max IOB to a safer limit,high,AAPS safety limits,2.0,2.0,2.0,The user's glucose management relies heavily on SMB/UAM and correction boluses. The current profile settings and automation configuration show potential areas for adjustment to improve glucose control.,201.0
real_llama4maverick_50,run_027,completed,,meta-llama/llama-4-maverick,99.79,,143817,9273,True,fenced,True,1.0,0.0,,False,failed,False,,1,rejected_no_prompt,True,,0.0,,,,,4.0,19.0,0.0,aaps.core.safety_limits;profile.basal.00_00;profile.basal.06_00;profile.basal.16_00,basal,change,medium,Adjust basal rates to better match observed glucose patterns,low,1.0,Minimal meal logging and bolusing. Rely on SMB/UAM for glucose management.,0.0,,,,,3.0,2.0,3.0,The analysis indicates good CGM data quality with minor gaps. Glucose control shows variability with instances of hypo and hyperglycemia. Basal and target settings vary throughout the day. AAPS settings are aggressive with SMB/UAM enabled and Dynamic ISF adjustment. Meal logging is minimal or not explicitly declared.,318.0
real_llama4maverick_50,run_028,completed,,meta-llama/llama-4-maverick,84.51,,143055,7778,True,brace_slice,True,1.0,0.0,,True,fenced,False,parameter_decisions,1,accepted_after_correction,True,,0.0,21.0,21.0,aaps.core.carb_absorption;aaps.core.safety_limits;aaps.core.sensitivity;aaps.core.smb_activation;aaps.core.smb_delivery;profile.basal.05_00;profile.basal.06_00;profile.basal.10_00;profile.basal.16_00;profile.basal.18_00;profile.basal.19_00;profile.cr.00_00;profile.cr.04_00;profile.cr.08_00;profile.cr.16_00;profile.cr.20_00;profile.dia;profile.isf.00_00;profile.target.00_00;profile.target.08_00;profile.target.23_00,False,1.0,22.0,0.0,profile.basal.00_00,basal,change,medium,Adjust basal rate at 00:00 to 0.55 U/h.,low,1.0,Rely on SMB/UAM for managing meal-related glucose variability.,1.0,basal,Review and adjust basal rates,medium,basal,3.0,2.0,2.0,The glucose data shows variability with a good time in range (TIR) of 86.0%. Basal rates and target glucose levels are adjusted throughout the day. SMB/UAM is enabled and plays a significant role in glucose control.,215.0
real_llama4maverick_50,run_029,completed,,meta-llama/llama-4-maverick,63.15,,110809,5819,True,fenced,True,1.0,0.0,,True,fenced,True,,0,accepted_first_pass,True,,0.0,,,,,1.0,22.0,0.0,profile.basal.00_00,basal,change,medium,Adjust basal rate 00:00 from 0.6 U/h to 0.65 U/h.,low,1.0,Rely on correction boluses and SMB/UAM for glucose management.,1.0,basal,Adjust basal rate,medium,basal,3.0,2.0,2.0,The glucose data shows variability with some hyperglycemia and hypoglycemia events. The current AAPS profile and settings are generally appropriate but could be optimized.,171.0
real_llama4maverick_50,run_030,completed,,meta-llama/llama-4-maverick,64.73,,110742,5853,True,fenced,True,1.0,0.0,,True,fenced,True,,0,accepted_first_pass,True,,0.0,,,,,1.0,22.0,0.0,profile.basal.00_00,basal,change,medium,Adjust basal rate at 00:00 to 0.65 U/h.,low,1.0,Rely on SMB/UAM for glucose management without logging meal data.,2.0,basal,Review basal rates,high,basal;meal,3.0,2.0,2.0,"The patient's glucose data shows variability with both hypo and hyperglycemic events. The current AAPS configuration is complex, relying on SMB/UAM and Dynamic ISF. Meal data is not explicitly logged.",200.0
real_llama4maverick_50,run_031,completed,,meta-llama/llama-4-maverick,90.68,,142643,7816,True,fenced,True,1.0,0.0,,True,fenced,False,parameter_decisions,1,accepted_after_correction,True,,0.0,19.0,19.0,aaps.core.carb_absorption;aaps.core.sensitivity;aaps.core.smb_activation;aaps.core.smb_delivery;profile.basal.06_00;profile.basal.10_00;profile.basal.16_00;profile.basal.18_00;profile.basal.19_00;profile.cr.00_00;profile.cr.04_00;profile.cr.08_00;profile.cr.16_00;profile.cr.20_00;profile.dia;profile.isf.00_00;profile.target.00_00;profile.target.08_00;profile.target.23_00,False,2.0,21.0,0.0,aaps.core.safety_limits;profile.basal.00_00,basal,change,medium,Adjust basal rate at 00:00 to 0.65 U/h.,low,0.0,Rely on SMB/UAM with careful monitoring.,2.0,basal,Adjust basal rates,medium,basal;aaps,2.0,2.0,2.0,"The analysis indicates generally good glucose control with some variability. SMB/UAM is enabled and plays a significant role in glucose management. There is a lack of detailed meal data, limiting the assessment of meal strategies.",230.0
real_llama4maverick_50,run_032,completed,,meta-llama/llama-4-maverick,63.77,,110569,5845,True,fenced,True,1.0,0.0,,True,fenced,True,,0,accepted_first_pass,True,,0.0,,,,,0.0,23.0,0.0,,basal,keep,medium,Keep basal rates and verify with fasting glucose data.,low,1.0,Rely on SMB/UAM for glucose management due to lack of meal data.,1.0,basal,Verify basal rates,medium,basal,2.0,2.0,2.0,"The analysis indicates generally good glucose control with some variability. Basal rates and targets are varied, and SMB/UAM are enabled. Meal data is lacking, making it difficult to assess meal strategies.",206.0
real_llama4maverick_50,run_033,completed,,meta-llama/llama-4-maverick,82.29,,142446,7566,True,fenced,True,1.0,0.0,,True,fenced,False,parameter_decisions,1,accepted_after_correction,True,,0.0,20.0,20.0,aaps.core.carb_absorption;aaps.core.sensitivity;aaps.core.smb_activation;aaps.core.smb_delivery;profile.basal.05_00;profile.basal.06_00;profile.basal.10_00;profile.basal.16_00;profile.basal.18_00;profile.basal.19_00;profile.cr.00_00;profile.cr.04_00;profile.cr.08_00;profile.cr.16_00;profile.cr.20_00;profile.dia;profile.isf.00_00;profile.target.00_00;profile.target.08_00;profile.target.23_00,False,1.0,22.0,0.0,aaps.core.safety_limits,basal,keep,low,Keep basal rates with verification in a week.,low,1.0,Implement meal logging and bolusing with SMB/UAM.,2.0,meal strategy,Implement meal logging and bolusing,high,meal strategy;safety limits,2.0,2.0,2.0,The analysis covers 14 days of CGM data and AAPS configuration. Glucose control is generally good but with variability. The user relies on SMB/UAM without explicit meal logging.,177.0
real_llama4maverick_50,run_034,completed,,meta-llama/llama-4-maverick,90.37,,142518,8527,True,fenced,False,0.9706,1.0,"decisions with wrong field set: ['profile.basal.00_00', 'profile.basal.05_00', 'profile.basal.06_00', 'profile.basal.10_00', 'profile.basal.16_00', 'profile.basal.18_00', 'profile.basal.19_00', 'profile.cr.00_00', 'profile.cr.04_00', 'profile.cr.08_00', 'profile.cr.16_00', 'profile.cr.20_00', 'profile.dia', 'profile.isf.00_00', 'profile.target.00_00', 'profile.target.08_00', 'profile.target.23_00', 'aaps.core.smb_uam', 'aaps.core.smb_activation', 'aaps.core.smb_delivery', 'aaps.core.safety_limits', 'aaps.core.sensitivity', 'aaps.core.carb_absorption']",True,fenced,False,parameter_decisions,1,accepted_after_correction,True,decisions_fields_exact,1.0,19.0,19.0,aaps.core.carb_absorption;aaps.core.sensitivity;aaps.core.smb_activation;aaps.core.smb_delivery;profile.basal.06_00;profile.basal.10_00;profile.basal.16_00;profile.basal.18_00;profile.basal.19_00;profile.cr.00_00;profile.cr.04_00;profile.cr.08_00;profile.cr.16_00;profile.cr.20_00;profile.dia;profile.isf.00_00;profile.target.00_00;profile.target.08_00;profile.target.23_00,False,2.0,21.0,0.0,aaps.core.safety_limits;profile.basal.00_00,basal,change,medium,Adjust basal rate at 00:00 to 0.55 U/h.,low,1.0,Rely on SMB/UAM for meal coverage without explicit carb counting.,2.0,basal,Adjust basal rates,high,basal;aaps,2.0,2.0,2.0,"The user's glucose management relies heavily on SMB/UAM with variable basal rates and targets. There are instances of hypo- and hyperglycemia, suggesting a need for fine-tuning profile settings and automation parameters.",220.0
real_llama4maverick_50,run_035,completed,,meta-llama/llama-4-maverick,63.85,,111361,5848,True,fenced,True,1.0,0.0,,True,fenced,True,,0,accepted_first_pass,True,,0.0,,,,,1.0,22.0,0.0,profile.basal.00_00,basal,change,medium,Adjust basal rate at 00:00 to 0.65 U/h.,medium,1.0,Use correction boluses and SMB/UAM adaptively.,1.0,basal,Verify basal rates,medium,basal,2.0,2.0,2.0,"The analysis covers 14 days of CGM data and AAPS settings, indicating generally good glucose management with some variability.",126.0
real_llama4maverick_50,run_036,completed,,meta-llama/llama-4-maverick,80.91,,142309,7984,True,fenced,True,1.0,0.0,,True,fenced,False,parameter_decisions,1,accepted_after_correction,True,,0.0,21.0,21.0,aaps.core.carb_absorption;aaps.core.sensitivity;aaps.core.smb_activation;aaps.core.smb_delivery;aaps.core.smb_uam;profile.basal.05_00;profile.basal.06_00;profile.basal.10_00;profile.basal.16_00;profile.basal.18_00;profile.basal.19_00;profile.cr.00_00;profile.cr.04_00;profile.cr.08_00;profile.cr.16_00;profile.cr.20_00;profile.dia;profile.isf.00_00;profile.target.00_00;profile.target.08_00;profile.target.23_00,False,1.0,22.0,0.0,aaps.core.safety_limits,basal,keep,medium,Keep basal rates with close monitoring.,medium,1.0,Rely on SMB/UAM with potential adjustments for meal bolus strategy.,2.0,AAPS,Adjust max IOB,high,AAPS;Meal Strategy,2.0,2.0,3.0,The analysis indicates generally safe glucose management with some variability. The user relies heavily on SMB/UAM without explicit meal bolus strategies. High max IOB and basal settings are noted.,197.0
real_llama4maverick_50,run_037,completed,,meta-llama/llama-4-maverick,80.38,,142165,7243,True,fenced,True,1.0,0.0,,True,fenced,False,parameter_decisions,1,accepted_after_correction,True,,0.0,21.0,21.0,aaps.core.carb_absorption;aaps.core.sensitivity;aaps.core.smb_activation;aaps.core.smb_delivery;aaps.core.smb_uam;profile.basal.05_00;profile.basal.06_00;profile.basal.10_00;profile.basal.16_00;profile.basal.18_00;profile.basal.19_00;profile.cr.00_00;profile.cr.04_00;profile.cr.08_00;profile.cr.16_00;profile.cr.20_00;profile.dia;profile.isf.00_00;profile.target.00_00;profile.target.08_00;profile.target.23_00,False,1.0,22.0,0.0,aaps.core.safety_limits,basal,keep,medium,Keep basal settings with close monitoring.,low,1.0,Rely on SMB/UAM and correction boluses for glucose management.,1.0,AAPS safety limits,Adjust max IOB limit,high,AAPS safety limits,3.0,2.0,2.0,"The glucose data shows a mix of hypo and hyperglycemic events with a generally good time in range (TIR). The profile settings and AAPS automation are active, but meal data is missing.",183.0
real_llama4maverick_50,run_038,completed,,meta-llama/llama-4-maverick,61.61,,110939,5849,True,fenced,True,1.0,0.0,,True,fenced,True,,0,accepted_first_pass,True,,0.0,,,,,1.0,22.0,0.0,profile.basal.00_00,basal,change,medium,Adjust basal rate at 00:00 to 0.65 U/h.,low,1.0,Rely on correction boluses and SMB/UAM for glucose management.,1.0,basal,Review basal rates,medium,basal,2.0,2.0,2.0,"The glucose data shows variability with generally good time in range. Basal, CR, ISF, and DIA settings are in place. SMB/UAM is enabled and active.",147.0
real_llama4maverick_50,run_039,completed,,meta-llama/llama-4-maverick,66.03,,111218,6074,True,fenced,True,1.0,0.0,,True,fenced,True,,0,accepted_first_pass,True,,0.0,,,,,2.0,21.0,0.0,profile.basal.00_00;profile.cr.00_00,basal,change,medium,Adjust basal rate at 00:00 to 0.65 U/h.,low,1.0,Rely on SMB/UAM for glucose management.,2.0,basal,Review and adjust basal rates.,medium,basal;cr,2.0,2.0,3.0,The glucose data shows variability with some hyperglycemia and occasional hypoglycemia. The current profile and AAPS settings are generally reasonable but could be optimized.,174.0
real_llama4maverick_50,run_040,completed,,meta-llama/llama-4-maverick,95.96,,142801,7705,True,fenced,True,1.0,0.0,,True,fenced,False,parameter_decisions,1,accepted_after_correction,True,,0.0,21.0,21.0,aaps.core.carb_absorption;aaps.core.safety_limits;aaps.core.safety_limits.max_iob_units;aaps.core.sensitivity;aaps.core.smb_activation;aaps.core.smb_delivery;profile.basal.05_00;profile.basal.06_00;profile.basal.10_00;profile.basal.16_00;profile.basal.18_00;profile.basal.19_00;profile.cr.00_00;profile.cr.04_00;profile.cr.08_00;profile.cr.16_00;profile.cr.20_00;profile.dia;profile.target.00_00;profile.target.08_00;profile.target.23_00,False,2.0,21.0,0.0,aaps.core.safety_limits;profile.isf.00_00,isf,change,medium,Adjust ISF to 50 mg/dL/U,low,0.0,Implement a meal carb strategy.,2.0,profile,Review ISF setting,medium,profile;aaps,3.0,2.0,3.0,"The glucose data shows variability with both hyperglycemia and hypoglycemia. Basal rates and targets are segmented, and SMB/UAM are enabled.",140.0
real_llama4maverick_50,run_041,completed,,meta-llama/llama-4-maverick,65.47,,110703,5806,True,fenced,True,1.0,0.0,,True,fenced,True,,0,accepted_first_pass,True,,0.0,,,,,1.0,22.0,0.0,aaps.core.safety_limits,basal,keep,medium,Keep basal settings with close monitoring.,medium,1.0,Rely on SMB/UAM for glucose management without a declared meal bolus strategy or e-carbs.,2.0,Meal Strategy,Implement a meal bolus strategy,high,Meal Strategy;AAPS Settings,2.0,2.0,3.0,The user's glucose data shows variability with both hypo and hyperglycemia. The current AAPS settings are generally appropriate but could be refined for better glucose control.,176.0
real_llama4maverick_50,run_042,completed,,meta-llama/llama-4-maverick,81.67,,142573,7504,True,fenced,True,1.0,0.0,,True,fenced,False,parameter_decisions,1,accepted_after_correction,True,,0.0,21.0,21.0,aaps.core.carb_absorption;aaps.core.sensitivity;aaps.core.smb_activation;aaps.core.smb_delivery;aaps.core.smb_uam;profile.basal.05_00;profile.basal.06_00;profile.basal.10_00;profile.basal.16_00;profile.basal.18_00;profile.basal.19_00;profile.cr.00_00;profile.cr.04_00;profile.cr.08_00;profile.cr.16_00;profile.cr.20_00;profile.dia;profile.isf.00_00;profile.target.00_00;profile.target.08_00;profile.target.23_00,False,1.0,22.0,0.0,aaps.core.safety_limits,basal,keep,medium,Keep basal settings with close monitoring.,low,1.0,Rely on SMB/UAM with careful monitoring and consider logging meals.,1.0,AAPS,Adjust max IOB,high,AAPS,2.0,2.0,3.0,The glucose control is generally good with some instances of hyperglycemia and hypoglycemia. The user relies heavily on SMB/UAM for glucose management without explicit meal logging.,181.0
real_llama4maverick_50,run_043,completed,,meta-llama/llama-4-maverick,68.04,,110859,6253,True,fenced,True,1.0,0.0,,True,fenced,True,,0,accepted_first_pass,True,,0.0,,,,,2.0,21.0,0.0,profile.basal.00_00;profile.isf.00_00,basal,change,medium,Adjust basal rates to improve glucose stability.,low,2.0,Rely on correction boluses and SMB/UAM for glucose management.,2.0,basal,Adjust basal rates,medium,basal;isf,2.0,2.0,3.0,"The user's glucose management relies heavily on correction boluses and SMB/UAM. The profile settings are generally stable, but there are areas for optimization, particularly in basal rates and ISF.",197.0
real_llama4maverick_50,run_044,completed,,meta-llama/llama-4-maverick,62.67,,110722,5921,True,fenced,True,1.0,0.0,,True,fenced,True,,0,accepted_first_pass,True,,0.0,,,,,1.0,22.0,0.0,profile.basal.00_00,basal,change,medium,Adjust basal rate at 00:00 to 0.65 U/h.,low,1.0,No meal bolus strategy is declared. SMB/UAM is enabled.,1.0,basal,Review basal rates,medium,basal,3.0,2.0,2.0,The glucose data shows variability with instances of hypo and hyperglycemia. Basal rates and targets are varied. SMB/UAM is enabled and active. No meal carb entries are recorded.,178.0
real_llama4maverick_50,run_045,completed,,meta-llama/llama-4-maverick,101.24,,142981,8619,True,fenced,False,0.9706,1.0,"decisions with wrong field set: ['profile.basal.00_00', 'profile.basal.05_00', 'profile.basal.06_00', 'profile.basal.10_00', 'profile.basal.16_00', 'profile.basal.18_00', 'profile.basal.19_00', 'profile.cr.00_00', 'profile.cr.04_00', 'profile.cr.08_00', 'profile.cr.16_00', 'profile.cr.20_00', 'profile.dia', 'profile.isf.00_00', 'profile.target.00_00', 'profile.target.08_00', 'profile.target.23_00', 'aaps.core.carb_absorption', 'aaps.core.sensitivity', 'aaps.core.smb_activation', 'aaps.core.smb_delivery', 'aaps.core.smb_uam', 'aaps.core.safety_limits']",True,fenced,False,"parameter_decisions, parameter_decisions.profile.basal.00_00, parameter_decisions.aaps.core.safety_limits",1,accepted_after_correction,True,decisions_fields_exact,1.0,21.0,21.0,aaps.core.carb_absorption;aaps.core.sensitivity;aaps.core.smb_activation;aaps.core.smb_delivery;aaps.core.smb_uam;profile.basal.05_00;profile.basal.06_00;profile.basal.10_00;profile.basal.16_00;profile.basal.18_00;profile.basal.19_00;profile.cr.00_00;profile.cr.04_00;profile.cr.08_00;profile.cr.16_00;profile.cr.20_00;profile.dia;profile.isf.00_00;profile.target.00_00;profile.target.08_00;profile.target.23_00,False,1.0,22.0,0.0,aaps.core.safety_limits,basal,keep,medium,Keep current basal rates with close monitoring.,low,1.0,Rely on SMB/UAM with recorded carb entries for better glucose management.,2.0,AAPS safety limits,Adjust max IOB limit,high,AAPS safety limits;Meal strategy,2.0,2.0,2.0,The user's glucose management relies heavily on SMB/UAM without explicit meal announcements. The profile settings and automation configuration are generally appropriate but require some adjustments for better glucose control.,225.0
real_llama4maverick_50,run_046,completed,,meta-llama/llama-4-maverick,95.02,,143017,8279,True,brace_slice,True,1.0,0.0,,True,fenced,False,"parameter_decisions, parameter_decisions.aaps.core.safety_limits.current_value",1,accepted_after_correction,True,,0.0,19.0,19.0,aaps.core.carb_absorption;aaps.core.sensitivity;aaps.core.smb_activation;aaps.core.smb_delivery;profile.basal.05_00;profile.basal.06_00;profile.basal.10_00;profile.basal.16_00;profile.basal.18_00;profile.basal.19_00;profile.cr.00_00;profile.cr.04_00;profile.cr.08_00;profile.cr.16_00;profile.cr.20_00;profile.dia;profile.target.00_00;profile.target.08_00;profile.target.23_00,False,2.0,21.0,0.0,aaps.core.safety_limits;profile.isf.00_00,isf,change,medium,Adjust ISF to 50 mg/dL/U.,low,1.0,Continue using correction boluses and SMB/UAM. Consider logging meal details.,2.0,profile,Review and adjust ISF settings.,medium,profile;aaps,3.0,2.0,3.0,The analysis reviewed 14 days of CGM data and AAPS settings. Glucose management relies heavily on correction boluses and SMB/UAM. Basal rates and ISF settings are generally appropriate but may require adjustments based on meal and correction effects.,250.0
real_llama4maverick_50,run_047,completed,,meta-llama/llama-4-maverick,62.81,,110693,5607,True,fenced,True,1.0,0.0,,True,fenced,True,,0,accepted_first_pass,True,,0.0,,,,,1.0,22.0,0.0,profile.basal.00_00,basal,change,medium,Adjust basal rate at 00:00 to 0.65 U/h.,low,0.0,Log meal data to assess and refine meal strategy.,1.0,basal,Review basal rates for potential adjustments.,medium,basal,3.0,2.0,2.0,The glucose data shows variability with instances of hyperglycemia and hypoglycemia. Basal rates and targets are generally stable. SMB/UAM are enabled and set aggressively. Meal data is lacking.,194.0
real_llama4maverick_50,run_048,completed,,meta-llama/llama-4-maverick,96.34,,142269,8094,True,fenced,True,1.0,0.0,,True,fenced,False,parameter_decisions,1,accepted_after_correction,True,,0.0,19.0,19.0,aaps.core.carb_absorption;aaps.core.safety_limits;aaps.core.sensitivity;aaps.core.smb_activation;aaps.core.smb_delivery;profile.basal.06_00;profile.basal.10_00;profile.basal.16_00;profile.basal.18_00;profile.basal.19_00;profile.cr.04_00;profile.cr.08_00;profile.cr.16_00;profile.cr.20_00;profile.dia;profile.isf.00_00;profile.target.00_00;profile.target.08_00;profile.target.23_00,False,3.0,20.0,0.0,profile.basal.00_00;profile.basal.05_00;profile.cr.00_00,basal,change,medium,Adjust basal rates to minimize hypo/hyperglycemia.,low,1.0,Rely on SMB/UAM for glucose management without regular carb entries or e-carbs.,2.0,basal,Adjust basal rates for better glucose control,medium,basal;cr,3.0,2.0,3.0,The glucose data shows reasonable control with some instances of hypo and hyperglycemia. The AAPS settings are generally appropriate but need adjustments for better glucose management.,184.0
real_llama4maverick_50,run_049,completed,,meta-llama/llama-4-maverick,70.57,,111397,6280,True,fenced,True,1.0,0.0,,True,fenced,True,,0,accepted_first_pass,True,,0.0,,,,,2.0,21.0,0.0,aaps.core.safety_limits;profile.basal.16_00,basal,change,medium,Adjust basal rate at 16:00 to 0.6 U/h.,low,2.0,Rely on correction boluses and SMB/UAM without logging meals.,2.0,basal,Adjust basal rates for better glucose control.,high,basal;aaps,3.0,2.0,3.0,The user's glucose management shows variability with frequent correction boluses and reliance on SMB/UAM. Basal rates and ISF settings are generally appropriate but may need adjustments.,186.0
real_llama4maverick_50,run_050,completed,,meta-llama/llama-4-maverick,93.85,,142578,7628,True,fenced,True,1.0,0.0,,True,fenced,False,parameter_decisions,1,accepted_after_correction,True,,0.0,21.0,21.0,aaps.core.carb_absorption;aaps.core.sensitivity;aaps.core.smb_activation;aaps.core.smb_delivery;aaps.core.smb_uam;profile.basal.05_00;profile.basal.06_00;profile.basal.10_00;profile.basal.16_00;profile.basal.18_00;profile.basal.19_00;profile.cr.00_00;profile.cr.04_00;profile.cr.08_00;profile.cr.16_00;profile.cr.20_00;profile.dia;profile.isf.00_00;profile.target.00_00;profile.target.08_00;profile.target.23_00,False,1.0,22.0,0.0,aaps.core.safety_limits,basal,keep,medium,Keep basal rates with next verification after meal data review.,low,1.0,Rely on SMB/UAM with frequent correction boluses. Review meal strategy with detailed meal data.,2.0,AAPS,Reduce max IOB,high,AAPS;Meal Strategy,2.0,2.0,2.0,The glucose data indicates generally good control with some hyperglycemia and hypoglycemia events. The current AAPS profile and settings are mostly appropriate but require some adjustments for better glucose management.,219.0
